ID;Name;Symbol;Open;o-1;o-2;o-3;o-4;o-5;o-6;o-7;o-8;o-9;o-10;o-11;o-12;o-13;o-14;o-15;o-16;o-17;o-18;o-19;o-20;o-21;o-22;o-23;o-24;o-25;o-26;o-27;o-28;o-29;o-30;o-31;o-32;o-33;o-34;o-35;o-36;o-37;o-38;o-39;o-40;o-41;o-42;o-43;o-44;o-45;o-46;o-47;o-48;o-49;o-50;o-51;o-52;o-53;o-54;o-55;o-56;o-57;o-58;o-59;o-60;o-61;o-62;o-63;o-64;o-65;o-66;o-67;o-68;o-69;o-70;o-71;o-72;o-73;o-74;o-75;o-76;o-77;o-78;o-79;o-80;o-81;o-82;o-83;o-84;o-85;o-86;o-87;o-88;o-89;o-90;o-91;o-92;o-93;o-94;o-95;o-96;o-97;o-98
1;Apple Inc.;AAPL;149.46;153.78;153.88;150.64;152.57;148.03;148.9;143.97;142.7;144.96;143.16;143.17;140.89;140.31;138.12;135.28;134.08;136.82;134.83;132.03;133.88;131.25;130.26;130.47;126.01;127.13;126.89;130.28;128.41;127.99;129.67;131.38;130.92;134.35;132.98;131.39;135.11;136.69;141.11;145.35;149.5;142.7;142.34;142.36;142.19;147.07;147.77;145.96;148.21;141.4;144.29;145.14;148.31;149.45;148.13;150.16;152.31;146.43;149.13;152.22;148.97;145.82;141.24;138.5;140.41;137.11;142.09;142.06;148.95;155.08;153.16;148.2;148.07;150.96;150.09;147.19;142.87;143.02;141.69;145.49;141.07;144.31;134.99;139.13;139.9;140.42;142.54;145.81;144.07;145.03;138.21;141.28;146.1;147.64;152.74;149.66;151.19;152.38;157.34
2;Microsoft Corporation;MSFT;261.53;273.8;273.2;260.53;257.44;259.54;258.82;248.0;243.45;244.51;248.99;243.65;234.48;242.5;241.1;234.86;233.78;241.57;237.97;237.0;235.26;231.29;227.76;226.45;223.0;227.2;232.28;243.08;238.21;235.65;236.89;238.7;236.11;241.26;241.69;239.4;244.86;248.55;253.72;257.13;261.69;247.45;244.7;244.84;244.83;250.82;252.01;249.82;253.87;240.57;241.4;246.08;247.31;245.11;243.59;241.43;243.51;237.78;242.79;245.66;241.99;242.99;235.43;227.37;228.7;221.99;217.55;220.09;229.46;234.6;233.76;226.24;231.04;231.17;247.26;243.76;234.74;235.77;237.04;243.24;235.82;235.54;219.85;225.4;227.62;233.05;240.9;247.93;245.99;245.09;235.41;238.29;238.89;236.81;239.98;237.05;239.54;237.87;244.27
3;Amazon.com Inc.;AMZN;97.56;101.32;102.04;101.17;102.93;105.26;110.25;102.53;101.16;101.09;99.53;98.24;92.56;96.93;97.56;93.86;94.74;97.25;98.68;94.18;96.93;90.93;87.57;87.46;83.03;85.33;86.55;85.46;83.12;82.87;82.8;84.97;83.25;85.52;86.18;85.33;87.51;88.27;89.89;92.5;95.23;89.21;88.9;89.24;88.34;90.5;93.05;94.48;96.99;92.47;94.04;93.93;93.79;93.24;92.62;93.97;95.95;95.37;96.85;103.21;98.77;97.88;92.94;89.47;90.79;91.95;91.49;92.47;97.32;103.99;103.56;97.91;113.92;116.0;119.65;119.98;114.79;113.83;114.71;119.06;110.11;114.1;107.88;112.49;112.71;115.1;118.0;120.77;118.58;119.89;113.58;114.08;115.6;114.38;117.2;113.3;116.0;117.08;
4;Alphabet Inc. Class A;GOOGL;95.45;100.0;102.05;103.22;102.4;102.93;105.8;98.71;96.87;97.48;97.31;96.5;95.57;98.1;97.95;95.1;90.72;92.14;92.06;90.85;91.48;89.18;85.98;88.36;86.79;87.47;90.35;89.59;86.98;86.62;86.98;88.8;87.11;88.16;89.08;88.11;90.26;90.76;93.13;95.2;97.76;92.71;93.77;95.38;96.41;99.3;99.4;99.05;101.02;94.82;95.73;97.04;98.24;97.09;95.95;97.29;98.77;96.97;97.9;98.26;95.09;94.69;92.25;88.45;88.9;87.28;85.4;86.32;90.94;95.45;95.42;92.27;94.52;96.43;102.9;101.8;97.85;100.0;100.01;103.13;98.86;99.99;95.15;97.3;97.43;99.0;99.85;100.68;99.83;100.44;96.76;97.05;98.64;97.65;99.43;98.1;99.63;98.82;
5;Berkshire Hathaway Inc. Class B;BRK.B;0.0;0.0;0.0;0.0;0.0;0.0;0.0;0.0;0.0;0.0;0.0;0.0;0.0;0.0;0.0;0.0;0.0;0.0;0.0;0.0;0.0;0.0;0.0;0.0;0.0;0.0;0.0;0.0;0.0;0.0;0.0;0.0;0.0;0.0;0.0;0.0;0.0;0.0;0.0;0.0;0.0;0.0;0.0;0.0;0.0;0.0;0.0;0.0;0.0;0.0;0.0;0.0;0.0;0.0;0.0;0.0;0.0;0.0;0.0;0.0;0.0;0.0;0.0;0.0;0.0;0.0;0.0;0.0;0.0;0.0;0.0;0.0;0.0;0.0;0.0;0.0;0.0;0.0;0.0;0.0;0.0;0.0;0.0;0.0;0.0;0.0;0.0;0.0;0.0;0.0;0.0;0.0;0.0;0.0;0.0;0.0;0.0;0.0;0.0
6;Alphabet Inc. Class C;GOOG;95.74;100.54;102.69;103.63;102.68;103.51;106.79;99.74;97.86;98.75;99.05;98.28;97.2;99.55;99.13;95.95;91.39;92.94;92.78;91.53;92.4;90.06;86.72;89.19;87.36;88.07;91.01;89.83;87.36;87.03;87.5;89.31;87.62;88.93;89.73;88.73;90.88;91.2;93.54;95.54;98.07;93.09;93.9;95.69;96.77;99.67;99.82;99.37;101.4;95.12;96.0;97.2;98.46;97.34;96.16;97.56;99.01;97.18;98.02;98.67;95.5;94.71;92.34;88.54;89.16;87.34;85.51;86.35;90.91;95.59;95.78;92.53;94.31;96.76;103.3;102.09;98.46;100.82;100.7;103.94;99.52;100.63;95.93;98.27;98.25;99.85;100.65;101.5;100.69;101.04;97.22;97.73;99.3;98.02;99.91;98.61;100.06;99.45;
7;NVIDIA Corporation;NVDA;216.9;226.06;223.87;213.82;208.06;210.0;210.0;196.91;191.7;199.5;194.62;197.01;189.13;188.27;180.64;170.11;170.36;176.67;168.99;162.78;161.0;158.4;155.07;152.84;144.74;144.91;145.67;148.51;143.34;144.02;139.27;150.74;151.96;160.94;161.14;160.64;165.72;168.64;171.46;179.87;185.31;170.37;171.6;162.73;157.72;165.3;166.79;166.59;169.99;156.97;158.27;160.26;163.18;160.98;153.28;151.47;159.66;157.15;161.62;167.22;162.18;158.07;148.0;141.62;148.01;142.28;139.86;130.43;138.5;138.11;137.78;131.04;136.3;128.69;126.94;125.08;120.98;121.13;118.79;123.44;115.18;120.57;109.71;115.79;115.61;120.37;125.05;132.2;129.11;128.79;123.47;120.87;124.48;124.1;125.07;124.91;124.2;130.7;132.13
8;Tesla Inc;TSLA;202.23;207.78;196.1;196.43;193.01;183.95;187.33;173.89;164.57;178.05;162.43;159.97;141.91;143.0;135.87;128.68;127.26;136.56;125.7;116.55;122.56;122.09;121.07;118.96;103.0;110.51;109.11;118.47;119.95;120.39;110.35;117.5;126.37;136.0;139.34;146.05;154.0;159.64;153.44;159.25;174.87;176.1;173.84;172.2;175.03;181.22;189.44;191.78;197.08;182.43;184.99;179.96;185.06;173.57;168.63;175.85;185.05;183.96;191.51;195.88;192.77;186.0;189.9;190.78;194.02;208.65;222.6;211.36;226.04;234.05;226.19;225.4;229.77;219.4;210.1;205.82;206.42;208.28;219.8;229.5;210.04;224.01;208.3;215.33;220.95;223.93;233.94;239.44;245.01;250.52;254.5;266.15;282.76;283.08;283.84;271.83;283.09;299.86;
9;Exxon Mobil Corporation;XOM;116.51;114.62;115.05;112.39;112.36;111.9;114.85;115.83;112.1;115.09;116.95;114.72;113.23;109.16;113.64;111.36;110.07;113.26;113.41;113.11;111.82;110.99;109.79;111.64;110.08;106.34;104.8;109.78;108.61;107.99;109.91;109.27;106.95;107.89;108.29;105.17;105.26;103.69;105.33;107.99;107.8;103.83;104.59;106.28;103.78;105.9;110.7;109.51;111.64;111.54;110.61;110.66;113.88;112.32;112.21;109.99;110.9;111.29;113.44;113.8;112.63;112.58;110.19;113.1;113.48;112.41;113.0;108.58;111.58;112.37;109.5;109.46;108.41;106.26;106.41;105.66;104.45;104.32;101.25;101.54;101.07;101.12;97.55;97.5;97.22;101.49;102.19;98.47;95.75;93.24;90.04;88.17;88.18;86.12;85.61;84.9;87.5;92.2;93.57
10;UnitedHealth Group Incorporated;UNH;489.13;485.63;475.47;471.04;472.0;475.23;494.26;499.95;498.0;487.81;493.37;492.5;489.28;500.26;486.68;485.53;477.87;488.05;491.2;486.11;490.0;485.29;488.85;492.41;491.59;501.01;518.64;525.13;530.0;532.54;535.07;533.93;524.1;526.48;523.63;526.99;524.6;525.15;533.99;541.93;550.56;541.85;547.93;544.86;540.84;534.42;531.49;532.83;552.36;529.72;531.67;535.83;534.0;525.0;519.94;529.01;522.12;512.16;505.89;512.81;522.0;546.28;548.93;553.78;547.05;538.17;547.05;541.74;544.41;555.0;555.0;544.97;546.52;541.38;537.79;538.07;518.06;523.05;521.74;532.0;517.74;520.0;493.45;502.13;496.97;505.6;514.17;528.33;521.0;518.35;507.08;511.1;514.77;506.48;510.37;507.39;513.56;511.03;525.03
11;Johnson & Johnson;JNJ;161.77;163.63;163.3;161.6;164.55;166.03;163.0;162.99;161.7;167.93;168.54;169.55;167.17;175.0;169.1;170.1;169.03;171.65;174.0;173.19;174.26;175.57;175.7;179.3;180.13;179.02;178.89;176.16;177.49;177.55;177.76;178.11;176.67;176.77;176.27;176.0;175.35;177.0;179.2;178.58;179.1;175.95;177.12;176.82;176.57;179.92;178.36;177.5;179.0;176.37;177.01;176.75;177.38;176.44;176.4;175.89;175.0;173.0;173.64;172.19;170.25;172.73;174.35;174.27;173.13;171.67;171.56;169.81;172.89;174.06;174.52;173.0;172.35;171.32;170.17;169.81;164.71;165.0;166.0;165.0;165.4;164.44;160.89;162.94;160.37;160.63;161.77;164.79;165.02;163.85;164.29;165.0;166.48;166.25;166.36;165.8;165.74;163.15;165.02
12;Meta Platforms Inc. Class A;META;176.35;186.13;190.0;185.58;186.53;183.47;183.38;148.03;147.95;149.41;148.24;144.4;141.22;141.69;139.29;135.89;132.49;135.81;136.18;134.97;133.44;130.96;127.27;131.16;128.97;126.13;127.38;122.82;118.16;116.4;116.25;117.93;116.03;117.2;116.7;113.26;116.83;120.23;118.33;119.39;122.13;115.18;115.3;116.39;113.76;119.91;121.75;117.83;119.2;109.51;109.54;110.78;111.3;111.72;109.86;111.52;113.8;110.41;114.5;116.07;110.99;109.23;107.12;101.72;95.92;94.78;90.35;90.08;94.21;94.33;98.22;99.58;97.98;131.68;130.88;127.25;126.31;132.93;132.89;137.09;130.3;131.0;123.53;128.32;131.62;133.55;136.76;137.72;138.24;140.49;137.14;136.05;139.36;134.62;137.92;140.12;141.42;141.55;
13;JPMorgan Chase & Co.;JPM;139.78;143.12;142.65;141.38;140.23;138.18;140.0;138.21;139.88;139.23;140.61;139.42;138.05;140.29;135.12;135.16;135.32;138.92;141.17;135.6;140.0;138.9;137.79;138.6;136.13;135.66;135.99;135.24;132.81;132.93;131.85;131.57;130.58;131.1;132.18;130.97;129.65;129.15;131.15;133.78;136.89;132.4;132.2;132.33;131.31;133.39;134.24;134.49;138.18;136.09;134.66;136.07;136.48;134.94;134.0;133.74;134.57;132.0;133.0;134.68;134.8;135.19;132.63;131.32;131.24;131.0;129.49;126.31;127.65;126.87;125.7;125.29;125.2;123.0;121.85;122.07;116.46;117.16;117.99;119.66;115.41;111.96;101.98;101.8;104.37;106.73;107.52;109.46;109.75;110.61;105.62;106.06;106.95;105.95;107.75;108.0;;;
14;Visa Inc. Class A;V;228.96;232.41;230.34;228.02;228.7;228.69;233.96;229.37;228.81;230.2;228.0;226.0;221.62;222.02;224.6;221.14;218.1;224.08;222.38;221.91;222.1;221.29;218.99;219.07;214.0;213.8;209.62;209.28;206.31;205.95;206.68;205.92;204.13;205.75;206.57;203.88;206.63;207.49;209.6;212.85;219.54;210.0;207.91;209.51;208.8;212.0;215.65;215.73;217.0;208.22;209.35;212.26;211.71;210.0;207.54;210.3;213.17;207.96;208.58;209.99;203.5;206.0;203.09;200.7;201.66;198.32;197.0;198.28;205.76;208.91;208.92;205.0;203.32;196.58;190.87;191.41;185.8;186.46;185.49;189.49;186.0;186.79;175.0;179.09;180.37;184.13;183.45;186.65;183.34;185.05;179.34;180.06;178.83;177.26;182.51;183.04;;;
15;Home Depot Inc.;HD;313.85;323.1;322.94;324.0;328.99;332.53;333.45;322.39;315.99;315.83;312.02;314.15;315.33;314.49;313.54;310.01;320.34;330.0;330.33;326.49;332.21;322.55;316.3;320.0;316.29;317.83;321.07;317.42;317.49;318.65;320.55;318.41;314.15;316.4;318.05;313.32;319.5;323.43;329.44;330.53;344.35;323.0;321.48;318.55;315.96;319.64;325.15;321.08;326.31;312.93;316.0;325.06;322.89;326.76;320.0;316.96;314.14;312.0;305.86;304.06;314.36;312.0;297.74;289.0;292.43;286.5;285.89;283.57;295.2;300.37;294.41;290.0;291.85;290.6;285.51;276.97;268.34;274.94;282.47;287.95;279.6;286.64;274.66;284.42;281.1;283.56;287.53;289.56;286.25;287.5;281.0;277.82;278.51;275.22;269.36;271.43;267.89;271.22;276.0
16;Procter & Gamble Company;PG;136.95;138.88;139.06;139.97;142.01;142.78;142.17;142.08;141.23;140.96;141.07;141.73;140.39;140.69;143.36;142.32;143.31;149.66;150.79;149.61;151.7;152.32;152.1;153.44;151.85;152.21;151.99;150.95;152.43;152.81;154.28;152.7;152.31;151.13;150.75;149.32;150.22;150.36;151.72;152.79;153.41;151.22;150.7;149.46;149.01;149.72;148.71;148.47;149.53;145.65;145.75;146.39;146.79;145.9;145.43;143.06;141.92;141.11;141.5;142.09;140.51;141.2;139.46;136.87;136.82;135.35;133.32;131.73;134.72;134.7;135.2;133.17;132.0;130.65;129.6;129.49;126.54;128.62;131.64;129.33;126.01;126.75;123.51;124.84;123.69;123.37;126.5;128.89;129.2;129.1;127.25;129.0;131.87;133.02;135.96;135.58;;;
17;Mastercard Incorporated Class A;MA;369.64;373.3;373.17;371.51;370.0;370.8;379.52;368.57;369.99;369.46;376.19;383.41;375.1;390.0;376.74;370.23;364.6;374.51;375.0;375.06;377.86;372.62;368.81;371.63;357.31;356.12;351.39;349.96;345.33;344.38;346.55;344.1;339.02;344.19;343.64;341.37;345.36;344.77;351.42;357.0;369.24;350.31;348.4;350.0;346.88;353.82;356.0;357.45;357.99;342.85;343.65;346.68;348.96;344.63;339.83;343.0;345.66;339.0;343.16;346.59;336.74;339.0;331.18;322.28;326.23;322.45;313.84;315.12;331.42;332.22;328.88;319.31;316.18;312.29;305.91;304.52;294.51;297.75;295.46;303.17;295.42;295.86;277.28;286.54;289.83;297.04;296.66;302.58;297.98;296.19;287.85;286.86;288.35;285.11;295.47;290.05;;;
18;Chevron Corporation;CVX;170.8;170.23;172.48;170.07;169.56;169.86;171.13;173.31;172.75;178.0;184.23;184.99;179.29;181.09;181.21;178.81;176.61;180.82;178.44;177.09;175.99;177.89;176.4;178.26;177.02;171.5;170.95;178.04;178.03;176.65;178.86;178.36;174.1;175.16;175.19;169.81;170.11;168.53;170.6;174.49;173.57;168.93;172.3;176.25;171.06;175.51;182.67;181.53;184.26;182.85;180.26;180.28;184.89;183.21;183.75;179.73;180.96;181.51;186.54;187.12;186.31;184.05;182.23;183.61;185.32;182.5;184.84;177.97;180.93;183.87;178.06;181.47;179.89;175.32;173.06;172.08;169.15;169.3;163.59;162.36;163.29;164.04;156.35;156.14;154.75;161.0;162.51;157.34;155.84;154.43;148.97;144.03;144.51;142.08;142.29;143.57;149.75;157.6;158.31
19;Eli Lilly and Company;LLY;343.27;340.89;338.56;336.05;341.98;332.95;334.0;342.79;340.68;344.33;346.11;351.0;345.55;384.44;346.61;347.0;352.37;356.32;361.62;359.57;359.25;354.34;349.0;364.0;360.0;360.95;364.64;366.26;367.49;368.1;366.17;369.5;364.82;367.32;362.63;358.5;357.81;357.93;360.66;359.01;361.63;362.93;373.0;373.26;369.32;367.0;373.76;366.08;374.79;365.07;364.62;363.45;362.9;361.34;362.0;360.39;362.55;352.91;350.0;356.94;359.07;366.16;367.24;368.44;365.15;358.0;365.2;354.06;354.16;345.83;358.65;360.32;358.99;352.5;346.52;344.22;329.07;331.15;335.25;334.14;332.79;331.56;319.12;327.38;320.0;326.23;332.97;327.94;328.3;322.18;325.99;327.15;333.97;333.53;309.15;308.8;311.87;300.8;301.0
20;Merck & Co. Inc.;MRK;106.97;106.86;105.81;103.7;103.43;103.22;104.02;106.97;106.1;105.57;106.21;108.53;108.71;110.0;109.93;109.38;108.44;109.92;112.03;111.2;110.92;109.34;110.56;114.88;114.32;111.59;112.32;110.41;111.23;111.39;112.89;112.41;111.25;110.9;110.1;109.94;109.19;109.24;110.24;110.52;111.26;107.93;110.98;110.28;109.15;110.36;109.81;109.0;109.75;108.7;108.0;107.13;106.56;106.75;106.13;105.0;102.63;100.41;99.58;100.4;98.7;100.53;102.7;101.3;100.07;98.5;99.0;99.0;99.65;100.65;99.95;100.24;99.84;98.29;96.86;96.45;92.84;93.2;94.91;94.42;92.84;92.27;89.5;91.25;90.43;89.93;87.88;87.76;88.58;87.54;86.72;87.25;87.0;86.99;86.82;86.12;87.4;84.55;86.25
21;AbbVie Inc.;ABBV;149.69;148.5;145.41;144.58;145.74;145.92;145.93;146.63;145.63;145.87;147.31;147.92;147.38;148.08;149.86;149.43;148.95;152.12;153.8;152.09;155.0;159.22;162.23;165.9;164.84;163.09;162.4;162.04;162.23;162.96;163.7;163.49;163.39;161.87;161.45;161.61;160.78;162.05;163.89;164.6;166.95;163.21;166.76;165.4;163.69;164.03;162.89;160.72;161.0;158.79;158.31;160.0;159.59;159.95;157.69;155.4;153.67;150.97;153.44;153.39;150.98;149.54;150.66;148.59;148.83;145.28;145.35;144.0;147.03;146.66;145.17;145.93;153.76;151.01;148.03;148.71;143.34;143.16;144.8;145.23;142.65;142.6;136.7;141.64;138.02;139.03;139.01;142.79;141.47;139.21;135.88;142.2;144.85;144.22;142.59;142.08;;;
22;Bank of America Corp;BAC;35.55;36.27;36.41;36.17;36.25;36.02;36.1;35.2;35.17;35.21;35.44;35.05;34.3;34.22;33.81;33.3;33.28;34.33;34.69;34.2;34.6;34.12;33.74;34.75;34.09;33.92;33.9;33.23;33.1;32.89;32.57;32.5;32.4;32.52;32.52;32.4;31.76;31.62;31.75;32.8;33.55;32.31;32.11;32.97;32.59;34.57;35.81;36.06;37.5;36.9;36.98;37.4;37.72;37.49;37.59;37.09;37.79;36.88;37.61;38.19;38.09;38.19;37.3;36.88;37.09;37.01;36.5;35.7;36.07;36.44;36.0;36.04;36.15;35.42;34.74;35.11;33.56;33.98;34.58;34.98;33.36;31.81;29.41;29.64;30.37;30.9;31.17;31.6;31.54;31.72;30.59;30.76;30.69;30.53;31.27;31.32;31.93;33.31;34.31
23;Pfizer Inc.;PFE;43.5;44.12;43.55;43.82;44.19;44.36;43.63;43.91;43.0;43.79;44.22;44.2;45.03;44.92;45.04;45.28;44.72;45.55;46.54;47.5;47.27;47.7;48.35;50.05;49.98;49.73;50.29;51.01;51.29;51.02;51.05;51.86;51.56;51.41;51.61;51.21;51.52;53.01;54.07;53.14;53.1;52.12;51.75;50.18;49.75;50.67;50.91;50.56;50.31;49.64;49.5;49.18;48.93;48.96;48.34;48.1;48.64;47.8;48.8;49.34;47.99;47.07;47.53;47.16;47.04;47.16;47.47;46.36;47.77;48.0;47.08;45.98;45.81;45.92;45.27;45.08;43.31;43.27;43.91;44.05;43.19;42.89;41.76;42.09;41.66;42.35;43.05;43.76;44.12;44.25;44.07;44.17;44.41;44.67;44.22;43.81;;;
24;Broadcom Inc.;AVGO;596.31;612.6;606.68;600.66;593.34;598.0;607.63;583.57;582.07;583.0;593.32;590.41;577.67;578.44;572.0;563.03;569.12;583.21;574.9;577.15;575.59;573.0;572.0;592.3;563.12;555.71;562.99;565.0;551.82;551.85;551.64;551.55;550.0;553.35;547.67;545.17;554.02;557.45;563.78;568.55;575.82;544.75;550.94;520.81;519.6;530.65;537.77;537.05;551.03;524.11;523.0;525.24;530.69;530.35;522.97;512.94;516.87;505.0;516.72;529.96;515.39;504.8;491.0;478.5;481.25;466.77;456.86;450.94;470.28;475.8;466.85;456.96;466.05;457.99;457.99;452.73;432.09;435.13;433.23;448.21;439.55;443.28;417.42;432.25;435.2;460.0;472.38;483.79;472.55;468.5;449.24;449.06;460.9;461.34;469.55;468.98;474.95;482.43;490.99
25;PepsiCo Inc.;PEP;173.12;175.32;171.0;170.29;169.74;170.96;169.46;170.88;170.2;169.78;169.77;171.64;170.34;169.61;170.01;168.95;171.28;175.24;176.15;175.4;177.66;179.39;178.79;180.44;178.81;177.96;179.41;180.59;181.38;181.92;184.1;183.28;180.91;181.86;181.55;181.82;180.86;180.08;181.98;184.07;186.48;184.18;184.21;181.81;181.81;183.75;183.43;184.0;185.48;181.9;183.3;184.4;184.58;185.0;185.81;182.27;180.21;177.49;178.3;178.04;178.67;181.13;182.65;179.95;180.44;179.52;177.92;176.78;180.78;180.94;181.18;179.7;180.37;179.26;178.12;174.81;171.2;174.2;174.82;174.82;172.27;175.98;167.1;168.73;162.24;161.99;162.3;165.79;166.97;167.39;163.52;167.69;168.8;166.91;168.24;168.33;168.39;168.4;169.88
26;Coca-Cola Company;KO;59.72;60.15;59.92;59.67;59.79;60.35;60.8;61.14;60.98;60.54;60.84;60.81;60.2;60.08;60.28;59.72;59.73;61.51;61.73;60.7;62.11;62.38;62.6;63.3;62.91;62.6;63.15;63.56;63.92;63.8;64.46;63.93;63.5;63.42;63.07;62.82;62.83;62.75;63.59;64.19;64.59;63.3;63.61;63.6;63.45;63.52;63.41;63.61;63.61;62.01;62.52;62.69;62.73;62.49;62.47;61.41;60.99;60.19;60.79;61.13;61.32;61.37;60.25;59.59;59.75;59.26;59.3;58.11;59.64;60.03;60.51;59.57;59.77;59.01;59.04;56.64;55.0;55.77;56.31;56.31;55.63;56.29;54.48;55.23;54.46;54.6;54.99;56.0;56.5;56.95;56.36;56.87;57.09;56.66;58.08;58.49;58.96;59.55;60.14
27;Costco Wholesale Corporation;COST;498.51;505.29;511.29;511.99;514.44;519.13;524.29;508.31;503.23;500.37;499.76;493.2;489.36;492.05;479.95;473.92;476.24;484.81;485.13;480.89;484.99;480.33;477.14;482.93;463.08;454.54;457.18;458.0;454.65;455.63;457.54;464.4;457.52;458.65;459.38;456.56;460.92;461.26;475.34;488.86;497.04;482.73;475.1;482.9;479.09;490.66;492.5;498.52;519.14;527.41;531.04;530.89;534.16;534.0;529.96;525.74;526.87;519.0;521.31;520.0;515.77;513.13;504.95;491.9;490.73;477.05;490.4;480.88;497.8;503.7;509.64;497.3;499.81;498.0;493.32;481.61;463.71;471.0;467.81;473.2;461.65;472.03;458.19;474.32;465.0;469.69;478.26;483.45;481.3;483.83;474.5;480.66;485.61;481.53;485.49;465.87;;;
28;Thermo Fisher Scientific Inc.;TMO;567.11;582.66;578.56;570.78;580.56;584.56;591.67;586.09;562.18;567.77;574.9;576.03;571.15;609.85;593.21;587.0;575.03;591.13;585.0;578.65;581.97;571.12;547.47;538.74;555.76;555.79;559.3;553.29;552.8;548.61;547.38;540.68;537.98;534.72;531.46;529.81;533.85;549.4;561.39;569.11;576.84;565.38;564.0;560.13;550.44;552.44;555.86;553.54;567.65;541.31;535.46;543.3;550.49;545.66;541.01;532.78;541.31;529.22;546.0;543.79;540.57;526.86;507.02;491.48;494.26;499.0;493.27;484.11;516.0;516.54;500.39;501.25;498.65;500.0;507.65;499.73;486.16;498.75;514.0;530.78;510.33;514.08;489.18;502.41;507.01;524.09;535.0;544.34;535.8;530.72;512.81;514.8;514.91;510.68;517.19;516.14;516.35;522.01;533.12
29;Walt Disney Company;DIS;108.96;118.04;112.2;109.3;110.17;111.47;110.67;108.5;107.58;108.26;109.26;108.17;104.96;105.39;103.29;100.34;98.12;100.28;100.32;99.38;98.5;95.92;94.28;94.43;92.66;91.66;90.0;88.98;85.73;85.25;86.08;87.42;86.06;86.03;87.19;86.08;89.44;90.19;92.47;94.54;96.49;93.73;92.37;92.5;92.66;95.73;98.24;97.46;97.87;94.95;96.0;98.21;98.81;96.0;97.0;100.12;92.86;92.12;95.22;96.0;95.85;91.58;89.75;90.55;100.74;100.88;101.15;100.2;105.45;107.7;105.66;104.08;105.81;103.53;102.16;102.12;98.35;98.23;100.44;99.87;96.38;97.47;91.57;93.16;94.81;97.59;98.51;100.43;100.04;98.68;95.73;96.5;98.53;95.79;99.53;98.95;100.62;104.21;
30;Walmart Inc.;WMT;143.09;140.87;140.33;139.77;141.82;143.36;144.41;143.66;142.32;142.12;142.6;143.03;142.24;146.55;140.46;139.4;141.39;144.2;145.29;145.53;146.41;145.74;144.94;146.32;144.6;143.46;143.42;142.55;141.56;142.14;143.47;144.04;143.05;144.77;144.32;142.92;143.01;144.48;145.58;147.09;150.0;145.9;147.47;149.16;150.5;151.2;152.75;151.48;152.05;152.61;153.03;152.72;152.12;152.08;152.0;150.61;149.67;147.01;147.88;145.61;141.64;142.67;142.51;142.76;142.58;141.26;142.03;139.51;141.16;142.97;142.34;140.05;141.01;140.36;139.09;137.45;134.81;133.98;134.33;133.43;130.96;132.44;129.28;133.01;129.51;129.53;131.31;133.08;133.76;133.86;130.24;132.24;133.5;131.41;132.23;128.75;132.87;134.57;135.44
31;McDonald's Corporation;MCD;260.87;263.69;265.09;265.02;264.99;262.63;264.89;267.02;265.09;271.67;275.0;273.0;270.33;236.42;268.84;264.43;266.72;273.51;270.02;266.39;269.5;269.52;266.98;269.93;263.76;264.76;266.25;263.53;265.2;265.94;268.0;268.66;265.9;267.27;267.48;266.92;266.25;270.41;273.79;275.22;278.68;272.19;273.61;271.0;272.5;271.8;271.02;269.81;273.16;269.62;271.0;274.88;274.51;275.55;275.0;274.65;273.92;272.07;268.92;270.25;270.93;276.33;281.49;278.51;276.86;275.07;275.6;269.33;273.0;273.69;273.06;267.51;263.0;257.84;254.57;255.28;250.21;249.55;250.0;249.37;245.8;249.08;234.46;237.27;234.16;233.41;233.96;239.34;236.91;236.71;233.52;233.32;236.32;236.13;244.58;245.94;247.21;250.39;255.13
32;Cisco Systems Inc.;CSCO;46.7;47.23;47.38;47.24;48.07;49.3;48.53;48.39;48.12;48.14;48.1;48.15;47.98;47.49;46.9;46.06;46.95;48.19;48.92;48.56;49.21;48.83;48.8;48.26;47.46;47.49;48.28;47.86;47.27;47.26;47.69;47.67;47.25;47.49;47.69;47.41;47.66;47.41;48.96;49.74;50.33;48.8;49.1;48.66;48.4;49.44;49.55;49.23;49.88;48.17;48.25;48.29;48.75;48.4;48.0;47.61;46.91;46.19;44.94;45.04;44.83;45.18;45.7;44.51;44.69;44.83;44.5;44.03;45.47;45.58;45.31;44.69;44.77;44.93;43.34;43.12;41.85;41.56;41.63;41.92;41.04;40.84;39.03;39.7;39.81;40.63;41.25;41.65;41.59;41.56;40.67;40.66;41.05;40.85;41.14;40.66;;;
33;Abbott Laboratories;ABT;108.26;110.69;111.4;110.04;111.57;111.81;111.28;110.78;109.79;109.81;110.65;111.25;110.0;113.0;112.43;112.2;111.06;113.21;113.5;111.27;111.99;114.87;112.5;113.52;112.0;111.1;111.01;110.51;109.8;108.75;109.02;108.35;107.67;107.71;107.09;106.61;106.74;107.7;109.85;111.37;112.32;107.73;106.73;104.66;104.02;104.99;106.89;106.75;108.24;105.13;105.0;106.72;106.67;104.97;103.98;103.73;103.52;102.67;104.24;103.45;103.67;104.64;103.03;99.91;99.9;98.78;97.83;96.81;98.73;99.62;99.13;97.32;98.67;98.09;98.07;96.05;94.35;96.52;101.0;105.81;102.12;103.18;97.93;101.25;100.85;102.12;102.5;102.86;102.17;100.74;97.8;98.71;98.85;98.07;100.25;100.18;;;
34;Wells Fargo & Company;WFC;47.4;48.47;47.7;47.44;47.26;47.0;47.32;46.66;46.32;45.91;45.81;45.53;44.05;44.91;43.94;43.08;42.91;43.96;43.84;41.38;43.05;42.38;42.67;43.12;42.59;42.58;42.26;41.61;41.11;41.15;40.94;41.01;40.69;40.71;41.36;41.29;41.34;41.03;41.42;42.59;43.88;42.6;42.33;42.71;43.09;43.68;45.7;46.39;47.93;47.32;47.18;47.12;47.36;47.12;47.13;46.38;46.72;45.72;46.67;47.38;47.2;48.1;47.02;46.8;47.25;47.13;46.33;46.2;46.88;46.58;46.14;45.91;46.02;45.66;44.78;44.95;43.64;43.68;44.18;45.11;44.66;43.8;39.75;40.24;41.22;41.94;42.03;42.87;42.83;42.16;41.29;40.64;40.16;39.9;40.21;40.14;;;
35;Accenture Plc Class A;ACN;281.7;287.42;285.88;282.7;286.0;288.22;289.42;276.6;274.94;273.57;273.26;277.17;270.74;276.71;278.56;274.5;277.28;284.58;283.04;280.32;282.74;274.93;273.34;271.92;263.98;267.42;273.43;269.2;265.54;265.59;266.1;265.92;265.79;264.44;264.48;253.74;263.16;274.67;287.43;294.05;302.96;286.14;289.39;288.0;285.1;291.27;295.77;299.05;302.45;286.62;289.31;293.26;294.3;293.08;288.85;285.5;290.61;285.81;292.75;293.0;286.15;287.21;278.18;266.32;271.09;262.75;259.93;266.64;279.77;287.06;283.48;279.06;281.18;278.0;275.49;272.77;261.53;264.28;262.18;269.02;257.91;261.13;243.67;252.38;256.2;261.49;266.48;273.59;271.35;270.4;260.27;258.71;258.92;257.0;259.47;258.04;;;
36;Adobe Incorporated;ADBE;371.63;384.97;382.49;373.43;376.21;384.29;393.28;370.01;364.71;365.9;363.49;362.76;355.67;364.1;358.28;343.27;340.56;345.01;344.38;340.25;344.17;337.39;337.65;338.9;332.28;337.53;342.89;340.16;333.0;330.75;335.06;338.0;335.0;336.01;340.29;327.0;338.0;345.0;332.76;343.89;353.63;334.76;331.5;325.71;327.53;334.09;337.8;337.2;348.03;327.12;326.69;335.83;332.89;329.93;322.49;329.53;344.3;331.74;345.0;348.41;338.07;330.34;318.55;299.65;301.15;288.97;290.38;297.07;318.84;321.01;323.49;318.67;322.96;318.16;319.12;308.43;300.99;301.03;295.4;302.68;297.45;295.12;279.71;284.69;285.69;289.75;291.36;297.15;291.41;290.95;278.27;279.69;277.8;280.38;281.7;286.03;285.57;282.0;
37;Verizon Communications Inc.;VZ;40.0;40.62;40.53;40.99;41.51;41.78;41.74;41.99;41.08;40.84;40.22;40.38;40.54;38.69;39.99;40.04;39.71;40.86;41.85;41.65;41.38;42.14;41.36;41.38;41.92;41.2;40.54;39.77;39.31;38.9;39.19;38.49;38.31;37.68;37.27;36.99;37.33;37.51;37.75;37.87;38.39;37.69;37.21;37.11;36.74;36.99;37.98;37.93;39.18;38.21;38.02;39.01;39.1;39.03;38.84;38.6;38.29;37.55;37.66;38.49;38.45;38.55;38.3;37.92;37.2;37.32;37.35;37.36;37.25;37.98;37.51;36.8;36.69;36.38;35.91;35.66;35.52;36.57;36.57;37.67;36.72;36.8;35.12;35.9;36.56;37.13;37.63;39.47;39.34;39.5;38.5;38.54;39.11;39.06;39.2;39.23;;;
38;Danaher Corporation;DHR;253.87;262.71;264.07;260.15;265.69;268.76;269.0;265.1;263.02;263.52;264.63;264.0;265.23;273.0;273.95;272.58;269.29;276.01;274.86;270.5;273.8;268.12;258.61;254.91;256.36;258.99;265.21;267.81;266.7;262.77;262.48;259.32;258.15;258.19;257.74;257.73;262.41;266.7;270.57;277.46;281.25;271.66;270.5;268.79;265.61;265.48;270.67;269.99;275.52;259.0;260.0;265.07;264.96;263.39;262.64;259.82;265.07;263.29;270.0;272.08;270.01;269.04;257.33;253.01;250.01;248.51;244.8;240.2;254.59;253.75;249.78;249.09;251.98;253.64;252.16;246.8;242.79;241.68;260.36;266.43;256.43;258.93;246.73;254.0;259.33;269.3;274.55;281.08;276.52;273.59;261.27;262.14;264.64;264.47;264.87;262.58;;;
39;Comcast Corporation Class A;CMCSA;37.9;39.32;39.23;39.33;39.55;40.81;39.85;39.1;39.25;39.11;40.18;39.05;40.31;40.19;39.25;38.24;38.24;38.87;38.99;38.7;37.86;38.06;37.4;37.99;37.56;36.9;36.25;34.94;34.81;34.81;35.1;35.11;34.78;34.76;34.73;33.98;34.57;34.33;34.91;34.87;37.46;35.54;34.98;34.6;34.7;35.3;35.37;35.61;36.38;35.46;35.47;35.36;35.63;35.03;34.57;34.62;34.42;33.46;34.2;34.63;33.91;33.13;32.73;31.66;31.72;31.33;30.68;30.46;31.49;31.99;31.88;31.45;32.99;32.0;31.2;30.84;30.31;30.5;30.73;31.34;30.47;30.52;28.67;28.73;28.93;29.54;29.88;30.63;30.53;30.49;29.84;30.65;30.86;30.67;31.28;31.66;;;
40;Salesforce Inc.;CRM;173.33;173.33;170.0;167.57;168.0;170.02;175.71;167.73;164.28;164.07;165.05;158.19;151.21;154.61;157.35;144.3;143.52;148.86;149.6;146.2;147.84;145.28;145.81;142.59;137.58;137.64;141.22;135.19;130.61;129.7;129.71;128.56;128.73;128.67;127.96;127.5;127.77;128.92;131.67;135.01;137.39;131.1;129.74;128.43;132.5;132.71;142.8;144.29;147.55;150.75;152.72;152.0;152.07;147.62;145.2;146.02;151.84;150.19;160.0;162.68;155.82;156.49;151.0;145.85;145.09;140.62;146.5;149.0;159.51;165.0;162.12;159.51;161.8;159.8;161.7;161.18;157.5;155.0;151.86;156.45;146.07;147.33;138.96;142.31;144.51;150.62;151.8;155.72;152.2;151.7;144.98;146.01;148.45;146.0;148.37;147.0;148.07;149.51;
41;Texas Instruments Incorporated;TXN;173.86;179.22;181.79;181.07;180.51;181.69;183.87;177.0;173.17;172.34;172.53;175.27;176.63;176.75;173.65;172.44;173.38;176.37;178.8;177.07;179.72;178.22;176.63;177.15;169.62;167.79;165.3;167.22;163.69;163.26;163.61;163.66;163.03;166.07;167.0;166.66;169.63;169.0;173.53;176.76;182.13;174.11;175.96;173.76;172.53;178.14;176.74;175.14;180.04;173.37;173.64;175.71;179.25;177.0;174.84;174.42;176.41;170.68;176.42;182.05;179.0;175.05;172.1;166.39;167.44;163.81;161.61;156.38;163.26;162.24;160.4;155.88;159.8;152.57;161.61;160.21;155.41;153.89;150.63;155.09;152.0;155.9;147.61;153.36;154.61;159.55;164.02;167.78;164.32;163.05;157.41;157.22;160.82;161.52;162.23;161.65;;;
42;Netflix Inc.;NFLX;359.16;372.41;360.02;358.51;363.64;359.08;365.16;353.86;349.98;358.44;363.2;368.77;360.57;357.53;341.72;336.79;322.57;326.75;331.08;329.97;332.5;326.5;311.07;316.83;311.57;307.0;298.24;298.06;285.53;283.18;281.92;293.19;296.18;298.09;289.99;281.24;289.73;288.76;302.12;318.97;328.0;320.0;321.45;309.11;306.5;311.0;316.46;310.49;303.99;281.37;282.5;284.0;289.0;285.91;284.99;291.0;297.33;294.72;309.94;309.2;290.0;274.47;265.99;259.66;259.92;261.06;272.02;271.25;286.4;296.17;295.13;297.7;298.33;290.04;286.95;290.23;268.95;272.78;265.0;249.8;234.41;237.8;212.69;214.3;226.05;225.64;235.77;236.68;238.76;244.84;237.85;237.0;241.61;229.69;228.63;225.6;235.14;235.35;
43;Linde plc;LIN;331.18;336.22;340.6;318.9;322.38;325.17;331.73;330.73;326.76;324.4;324.26;326.4;324.73;325.56;325.85;324.52;324.0;333.5;335.49;330.0;328.21;326.08;322.39;322.27;307.82;305.27;318.72;317.67;326.16;329.38;328.84;330.66;326.18;326.33;326.06;328.03;329.0;327.56;336.4;343.05;346.05;336.02;334.72;331.29;332.07;334.92;335.17;334.34;337.29;332.12;334.76;344.71;343.26;340.74;336.15;332.64;334.16;329.71;335.84;339.02;333.0;333.17;330.0;315.7;314.7;311.09;306.14;289.99;302.34;304.02;300.68;296.05;294.0;291.71;278.34;293.33;280.46;284.41;284.0;288.17;281.25;285.69;266.98;271.08;270.3;273.9;276.48;280.4;283.42;283.61;272.53;270.13;268.39;266.44;268.03;266.24;269.82;276.6;281.89
44;Bristol-Myers Squibb Company;BMY;71.71;73.49;74.31;74.55;74.45;73.21;70.32;72.94;72.11;72.59;72.99;73.11;72.56;73.0;74.09;73.9;72.35;72.34;73.11;71.63;71.68;71.51;71.28;73.12;72.35;71.74;72.25;71.76;72.13;72.3;72.87;73.18;73.75;73.09;72.75;73.32;73.66;74.48;76.92;77.81;79.36;78.94;80.13;79.98;78.76;80.7;80.93;80.37;80.48;79.75;78.81;79.28;79.31;78.6;79.01;77.65;77.53;75.64;76.56;76.41;76.59;78.1;80.75;79.59;79.19;78.71;78.81;77.25;77.66;77.0;76.59;75.25;74.28;73.09;72.64;72.66;70.35;71.05;71.53;72.09;70.75;70.92;68.56;69.69;68.56;69.18;70.34;70.79;70.94;70.63;71.36;71.78;72.14;71.07;70.74;70.14;;;
45;NIKE Inc. Class B;NKE;121.51;124.71;123.38;123.96;125.52;126.79;130.45;127.9;126.42;126.5;127.07;128.46;125.86;123.58;126.9;124.68;124.79;127.8;128.0;126.66;128.35;126.32;125.21;125.0;122.0;120.28;119.96;118.55;116.56;116.08;117.58;116.47;116.11;114.29;116.76;103.0;104.99;106.87;109.19;113.7;115.61;110.1;110.22;108.6;107.32;109.65;111.02;108.65;110.09;107.08;105.37;105.25;106.45;106.0;104.62;104.61;107.63;104.11;105.25;107.99;105.2;100.31;96.33;92.67;94.44;96.31;94.45;89.97;93.13;95.69;93.0;91.2;92.88;90.78;88.03;87.79;87.02;89.47;88.26;92.6;89.53;90.51;86.39;88.0;86.04;87.76;88.54;90.49;87.49;87.7;83.13;83.3;98.11;97.11;97.07;96.09;96.92;99.79;102.67
46;Philip Morris International Inc.;PM;102.17;102.39;101.18;100.93;102.55;103.7;104.59;104.5;104.21;103.32;104.31;103.09;102.5;101.17;102.0;101.52;100.61;101.01;102.12;101.34;102.53;102.32;102.62;104.0;102.1;100.59;101.51;101.51;101.06;101.09;103.0;102.08;100.54;100.51;99.9;100.79;100.62;100.53;101.96;102.76;103.45;102.2;102.15;101.72;102.11;103.42;103.31;101.51;100.06;97.95;97.82;97.32;98.01;97.45;97.33;96.61;96.0;94.95;95.26;95.68;94.55;93.45;93.01;92.55;91.2;90.45;89.51;88.6;91.6;92.26;92.05;89.99;89.52;88.88;87.34;86.58;85.15;85.0;86.68;86.84;86.1;87.81;84.17;86.25;84.01;84.93;85.26;86.53;86.35;85.38;84.17;86.0;87.12;87.28;89.48;91.41;;;
47;NextEra Energy Inc.;NEE;73.42;75.2;75.98;75.37;74.6;75.25;73.57;74.62;74.54;75.36;76.07;75.1;80.53;82.79;81.38;82.51;84.06;85.93;85.19;84.44;85.1;84.47;84.07;83.64;83.56;83.61;84.36;84.37;83.95;83.73;84.2;84.1;83.0;84.54;83.85;83.4;83.98;84.6;86.9;87.46;88.0;85.12;85.56;85.27;85.16;84.91;85.0;83.73;85.4;82.09;82.91;84.34;85.27;83.54;84.06;82.62;83.26;83.26;83.06;82.52;83.09;83.27;81.31;78.6;77.67;78.73;78.6;76.74;77.7;78.19;78.45;76.75;76.05;75.86;73.75;72.49;71.08;73.36;74.24;75.55;72.8;73.79;71.59;75.81;76.25;77.03;78.56;81.63;81.75;81.98;79.83;80.3;82.17;82.29;82.02;82.47;82.5;83.8;86.0
48;QUALCOMM Incorporated;QCOM;129.29;133.89;135.31;133.15;132.27;131.16;138.46;132.68;131.32;131.05;131.49;134.41;128.45;130.55;126.54;118.42;121.06;121.62;119.74;119.82;119.24;117.44;114.02;116.73;110.96;109.93;109.8;111.35;107.97;108.35;108.87;109.75;109.7;112.57;112.76;111.4;114.01;116.08;120.25;124.23;126.98;116.06;120.41;118.98;118.5;122.82;124.58;123.71;126.72;118.75;120.14;122.16;124.86;123.54;120.84;121.09;124.04;118.95;123.2;125.65;120.74;118.99;115.91;111.46;111.57;107.48;106.61;104.38;118.71;119.74;118.13;114.17;119.32;118.04;116.57;116.34;111.75;113.17;110.86;114.95;113.92;114.63;105.38;110.32;112.0;120.59;122.62;124.51;120.88;120.4;114.99;113.76;117.28;118.58;121.56;121.54;122.34;124.75;125.44
49;Raytheon Technologies Corporation;RTX;98.23;98.05;97.34;97.16;96.75;96.76;98.29;99.93;98.8;99.5;99.85;100.68;99.3;108.84;94.8;94.15;95.23;98.66;99.25;97.74;99.85;100.12;99.42;102.73;101.9;100.27;100.51;100.99;100.28;99.23;99.75;99.6;98.51;99.46;99.02;97.4;98.5;97.46;99.75;100.29;101.57;98.6;99.24;99.64;98.89;101.32;99.74;98.68;99.12;97.52;96.8;97.07;97.35;96.84;97.06;95.26;95.7;93.01;95.57;93.62;93.65;97.14;96.9;95.84;96.23;95.69;95.37;93.38;95.15;95.33;94.73;92.5;90.94;88.6;88.49;89.1;87.26;87.81;87.15;85.92;84.21;85.42;81.45;84.52;83.74;84.83;83.76;84.78;84.56;84.25;82.91;82.44;82.67;81.22;81.57;81.59;82.87;84.0;87.16
50;AT&T Inc.;T;19.03;19.21;19.09;19.49;19.75;20.22;20.1;20.47;20.16;19.92;19.95;20.27;19.75;18.97;19.23;18.96;18.93;19.29;19.55;19.39;19.48;19.47;19.35;19.24;19.35;19.14;18.87;18.51;18.42;18.27;18.45;18.25;18.17;18.01;18.18;17.85;18.27;18.36;18.64;19.05;19.41;19.14;19.07;19.43;19.05;18.89;18.92;19.05;19.29;18.94;18.79;19.1;19.17;18.93;18.9;18.98;19.04;18.71;19.0;19.12;19.08;18.82;18.83;18.48;18.38;18.34;18.34;18.17;18.27;18.57;18.35;18.28;18.35;17.85;17.53;17.43;16.83;16.21;15.46;15.56;15.14;15.19;14.49;14.76;14.85;15.0;15.23;15.64;15.97;15.99;15.73;15.53;15.67;15.78;15.81;15.91;;;
51;United Parcel Service Inc. Class B;UPS;183.45;186.04;186.73;187.87;190.0;189.06;186.03;184.68;178.77;180.71;179.6;178.63;178.01;157.61;178.51;176.74;176.16;178.8;181.62;182.18;183.47;179.53;181.31;179.22;175.63;174.88;176.45;174.27;174.26;174.79;177.0;177.09;175.92;174.8;176.35;177.33;178.01;180.36;181.5;183.41;187.99;178.68;179.26;175.13;174.4;179.02;188.05;187.29;189.58;184.75;183.99;180.97;183.65;183.36;181.47;178.15;178.51;175.0;180.36;178.47;178.11;172.71;167.5;168.19;169.8;165.89;166.01;162.33;166.15;168.96;166.13;165.36;169.93;167.5;172.28;167.05;161.63;164.66;166.78;167.48;164.23;164.57;156.11;159.9;159.38;161.04;163.96;167.37;167.05;165.6;160.63;164.96;166.32;165.28;163.54;163.34;164.88;171.83;177.08
52;Honeywell International Inc.;HON;198.81;203.36;203.9;203.0;202.25;207.2;198.95;207.41;206.57;206.53;207.89;207.8;204.54;203.96;202.55;199.57;204.3;210.89;217.02;214.49;212.85;211.98;209.5;210.27;206.47;208.48;208.5;215.15;213.98;213.09;215.93;213.9;212.0;214.34;212.96;209.57;209.26;207.35;212.89;216.22;219.55;212.16;213.35;213.85;213.97;216.27;217.75;214.83;220.28;216.32;215.92;219.7;217.74;218.79;217.13;215.0;216.39;212.25;215.76;215.36;212.78;214.59;214.85;210.0;209.33;207.7;206.3;200.37;203.34;204.45;202.41;199.0;193.36;191.63;186.66;184.51;176.99;179.36;179.5;180.18;177.66;178.15;169.4;174.06;171.4;172.81;173.59;176.29;176.62;174.9;170.07;170.1;173.36;171.86;170.86;171.53;172.78;173.54;177.91
53;Oracle Corporation;ORCL;86.53;87.14;86.93;87.87;89.51;88.47;90.66;88.37;87.69;88.47;89.5;89.89;88.7;89.05;87.19;86.03;86.4;88.6;89.19;87.95;88.7;87.37;85.64;86.84;84.74;85.0;84.2;82.47;81.13;80.97;81.09;80.88;80.51;80.94;81.35;80.5;79.92;79.96;80.79;80.81;84.94;80.31;79.65;79.13;78.67;79.35;82.41;83.2;83.05;80.47;81.33;82.11;82.85;82.12;79.89;79.57;80.0;79.17;79.12;78.93;77.48;77.13;77.7;75.38;76.95;76.11;75.94;74.72;76.65;78.6;76.5;75.3;74.75;72.61;73.45;72.93;71.03;67.53;66.49;68.0;65.88;65.72;62.48;62.62;61.85;63.61;64.49;66.33;65.34;63.8;60.99;61.26;62.29;62.62;64.16;64.33;;;
54;Advanced Micro Devices Inc.;AMD;82.29;85.88;85.88;84.32;84.63;86.66;84.29;78.47;72.26;74.23;73.7;76.5;72.9;73.75;72.22;68.01;68.97;71.87;70.87;69.84;70.07;68.39;66.67;66.22;63.15;64.15;65.0;66.0;63.77;63.64;62.54;63.87;63.11;66.08;65.43;63.76;65.12;66.25;67.6;70.93;74.87;68.54;69.49;70.14;69.53;73.08;74.54;75.05;78.31;73.38;73.62;73.81;75.67;75.49;72.72;72.21;75.07;70.56;73.66;77.26;75.22;69.58;64.3;62.28;64.09;62.93;62.5;58.11;63.0;61.49;60.75;59.1;61.6;59.69;58.77;58.57;57.22;57.47;57.33;59.91;57.35;59.6;55.52;57.45;57.21;57.31;64.01;67.82;66.59;68.27;64.46;63.62;67.15;67.11;67.9;67.87;68.0;73.89;
55;Lowe's Companies Inc.;LOW;207.46;214.77;214.21;212.89;214.25;217.14;216.05;207.46;203.25;201.97;201.45;204.35;204.52;202.61;203.52;201.36;207.51;210.72;212.17;207.81;210.26;202.16;199.92;202.42;200.73;199.3;201.43;201.49;200.03;201.68;201.96;201.69;198.42;198.52;202.93;201.19;205.35;206.36;208.61;210.95;216.71;202.29;201.0;205.0;202.76;205.21;210.91;212.4;214.79;206.11;208.0;210.39;211.36;215.23;211.65;210.13;211.82;212.5;212.09;206.75;208.43;205.09;195.31;187.31;188.06;183.57;182.78;180.85;193.19;198.0;196.99;193.5;195.24;194.23;189.9;183.58;178.14;183.39;187.28;196.2;192.25;194.84;189.83;197.79;194.94;195.95;198.02;198.45;195.32;196.97;191.61;189.43;192.0;192.45;187.94;188.06;;;
56;ConocoPhillips;COP;110.61;110.61;112.23;108.41;108.57;111.31;113.49;120.71;120.22;122.09;124.69;122.29;118.2;121.0;122.46;120.16;117.55;121.2;121.06;120.58;118.39;119.19;118.23;120.32;118.5;113.53;111.22;116.56;116.07;114.73;118.21;117.92;113.65;116.05;114.94;110.45;112.16;110.45;111.64;114.75;114.45;110.9;112.41;117.79;116.29;118.44;124.26;122.12;124.67;126.65;125.82;122.7;126.89;127.59;128.0;125.04;128.41;127.59;132.58;133.59;132.38;131.2;128.1;132.46;134.3;132.75;137.0;129.62;127.08;128.74;125.58;128.5;127.7;124.72;124.33;124.53;122.67;122.5;118.42;119.58;119.78;121.09;114.5;114.76;114.11;118.61;118.14;114.79;116.25;112.47;106.93;102.43;101.59;98.83;101.37;;;;
57;Caterpillar Inc.;CAT;246.28;250.0;248.1;250.55;248.11;244.0;249.33;251.75;257.0;263.34;262.46;260.0;254.53;252.88;250.75;246.87;250.48;257.28;258.86;256.8;252.0;251.49;246.95;249.01;242.89;240.53;240.0;240.68;239.39;241.21;243.14;240.69;236.95;240.15;237.66;232.44;233.9;228.63;232.16;236.06;237.82;227.55;232.0;230.91;227.0;232.59;234.8;233.89;236.9;235.9;233.3;233.94;237.0;237.63;234.0;231.55;230.85;227.75;234.0;237.1;236.0;233.0;232.22;226.07;228.61;228.0;224.02;211.54;217.6;218.63;215.34;212.5;210.15;198.3;190.29;188.65;179.73;184.54;182.94;184.9;182.3;183.75;173.75;179.48;176.82;179.81;176.72;177.41;177.15;174.3;167.43;165.89;165.7;164.5;164.46;164.0;;;
58;Morgan Stanley;MS;97.59;99.22;98.32;98.77;98.45;98.24;98.88;96.95;96.29;95.03;96.41;96.22;94.88;84.93;95.87;94.13;94.61;96.8;95.9;89.03;90.02;89.37;87.55;88.25;86.44;85.9;85.55;85.64;84.7;84.96;84.96;86.36;86.33;86.58;86.41;85.92;86.74;86.53;89.15;92.51;93.66;89.01;88.68;87.68;86.82;89.62;91.48;91.86;93.06;91.28;89.64;90.2;89.65;89.72;89.59;89.06;90.27;88.69;90.47;91.07;90.27;89.0;86.69;84.88;85.61;85.52;85.15;83.06;83.45;83.25;81.77;80.27;82.0;80.6;78.61;79.53;76.61;77.63;79.15;79.8;76.81;77.23;74.98;76.99;77.92;79.44;80.7;82.45;82.03;82.2;80.05;79.77;80.8;79.76;80.7;80.92;;;
59;Amgen Inc.;AMGN;241.92;241.12;242.99;243.02;245.36;249.96;243.78;249.16;253.86;253.46;254.87;256.54;260.09;261.85;264.0;262.03;262.0;269.42;272.2;270.94;271.92;275.97;271.95;275.58;270.04;264.07;263.01;260.87;262.73;262.47;264.42;265.69;264.88;265.8;264.88;266.69;266.82;264.95;270.44;271.97;282.02;272.82;284.19;286.51;283.41;285.84;283.79;284.06;288.0;282.56;283.38;285.0;281.95;287.44;288.01;289.09;284.43;282.92;284.02;286.02;284.7;288.55;294.08;290.0;282.57;268.15;261.94;268.53;271.64;269.6;269.2;269.68;268.0;262.99;260.49;254.95;247.52;247.55;251.31;253.86;251.42;252.0;244.77;244.36;239.49;231.08;230.0;232.52;232.63;230.98;228.27;228.42;231.55;229.96;226.97;226.77;227.99;223.55;229.13
60;Union Pacific Corporation;UNP;202.22;208.14;208.37;207.04;209.02;210.57;208.0;203.21;200.11;200.85;201.65;198.47;200.96;223.44;209.32;205.86;207.61;214.65;214.47;212.91;215.31;213.24;211.38;212.19;206.8;207.73;208.09;207.29;207.67;208.04;210.23;210.46;208.2;207.03;207.46;206.46;210.2;208.55;214.76;219.32;220.9;212.64;212.4;212.73;211.0;211.53;212.94;213.74;219.16;212.72;208.96;211.23;213.0;212.69;213.57;209.9;211.61;210.63;211.15;217.81;216.85;216.11;210.88;203.51;198.15;198.5;195.56;190.28;196.35;197.2;198.57;196.62;197.25;197.2;193.58;192.84;185.45;192.55;199.99;202.23;196.16;198.79;188.34;192.82;192.92;197.13;196.02;200.16;202.57;202.84;197.02;198.02;200.15;198.27;200.85;202.94;206.5;211.36;214.89
61;Goldman Sachs Group Inc.;GS;367.00;377.04;372.92;368.17;369.00;365.62;368.00;359.10;359.16;353.29;351.95;351.73;344.75;340.00;341.67;349.87;346.03;348.32;364.80;363.49;366.24;358.87;352.64;351.88;347.30;344.25;348.03;345.50;341.74;342.44;340.50;346.51;344.84;347.16;348.26;345.99;346.27;345.08;354.48;367.01;374.63;358.57;356.71;362.03;362.49;369.48;378.55;381.52;386.50;382.50;381.13;385.43;385.76;383.90;381.40;378.90;381.28;377.15;383.21;385.98;384.00;380.00;370.00;362.95;362.30;360.01;354.00;347.50;347.62;345.13;341.07;338.52;339.31;334.52;327.86;328.50;311.00;312.10;312.61;321.67;304.41;307.46;290.42;293.99;298.01;303.63;304.00;307.39;306.58;306.80;297.17;296.00;297.07;294.00;297.50;299.00;307.55;322.32;324.92
62;International Business Machines Corporation;IBM;133.78;134.99;135.71;135.67;135.83;136.35;135.96;134.49;135.50;134.32;134.44;137.53;140.47;141.25;141.40;141.67;140.00;144.40;146.42;144.06;144.88;145.00;143.61;144.08;142.38;142.44;142.07;141.10;140.54;140.58;142.40;141.73;140.59;140.95;141.84;138.84;140.16;141.25;148.52;150.47;150.37;147.82;147.40;147.90;147.33;147.30;147.94;148.13;149.98;146.19;145.91;147.98;148.27;149.10;147.60;147.55;146.56;143.41;144.13;144.08;142.63;141.50;140.26;137.95;139.00;136.64;135.65;136.42;137.75;138.25;138.06;135.56;135.55;133.72;132.00;130.90;128.39;126.25;122.36;123.00;121.80;121.80;116.10;118.00;117.46;119.79;121.50;124.88;124.71;122.80;120.16;121.66;121.85;121.65;122.60;122.30;;;
63;S&P Global Inc.;SPGI;361.46;371.15;368.17;365.17;367.32;373.57;381.50;372.61;369.26;369.63;364.29;369.83;363.17;373.04;368.09;361.24;360.23;367.72;366.41;363.95;366.00;356.17;349.16;351.17;339.45;338.12;340.44;342.04;335.70;332.02;331.44;332.29;329.78;334.53;335.07;332.19;338.80;339.98;348.45;357.49;362.38;346.61;351.34;350.91;351.60;351.02;354.72;356.41;356.89;347.13;350.72;354.46;355.05;353.02;349.37;343.25;351.99;348.94;355.34;353.84;348.74;346.07;330.69;318.55;321.14;321.37;313.31;305.31;315.59;325.27;324.51;316.86;312.39;312.49;297.13;298.22;291.83;296.51;296.84;304.35;292.71;295.29;283.00;294.90;297.27;307.12;312.78;320.96;318.96;318.84;307.07;310.29;311.64;315.31;318.02;317.24;321.78;333.59;341.78
64;Charles Schwab Corp;SCHW;79.60;80.38;80.09;79.13;78.95;76.76;78.29;77.09;75.48;74.33;78.41;79.55;78.12;77.18;76.51;76.70;77.97;81.50;82.75;82.76;83.64;85.55;85.43;85.00;84.01;82.90;83.19;83.57;82.22;82.75;82.37;82.11;80.78;81.11;80.56;78.76;78.25;76.67;76.72;77.50;82.03;79.60;79.92;80.82;80.14;80.98;81.72;81.28;82.58;80.04;79.81;80.92;81.64;81.78;80.78;79.93;78.97;76.36;78.02;77.44;77.13;79.94;80.44;79.41;80.00;79.36;79.99;78.22;79.72;80.08;79.89;78.64;73.47;72.60;70.94;70.31;68.26;68.66;68.21;69.64;70.57;74.32;70.32;71.71;72.88;74.84;75.50;75.74;75.46;74.68;72.95;72.44;72.39;71.60;71.77;70.46;;;
65;Prologis Inc.;PLD;127.18;130.17;129.47;130.07;129.54;131.95;132.57;129.08;127.15;128.40;127.97;126.69;124.99;126.40;123.18;121.15;122.99;122.49;122.40;120.40;121.28;117.35;115.60;117.50;113.40;115.67;114.63;113.98;113.10;112.08;113.50;113.39;112.58;113.13;112.56;111.41;111.98;115.25;119.77;121.50;122.76;116.40;117.06;116.16;113.77;114.87;116.00;115.56;119.05;113.26;111.60;115.56;116.11;115.81;115.50;114.65;114.24;111.81;111.96;114.15;115.61;118.83;114.62;109.69;108.91;108.77;108.80;106.28;107.70;112.20;111.23;110.41;110.68;108.73;103.97;103.84;102.49;102.42;104.70;108.24;102.72;104.01;98.48;100.37;99.30;100.71;100.93;105.89;104.80;105.86;103.50;102.23;102.69;103.00;105.73;107.13;107.54;108.00;111.45
66;Starbucks Corporation;SBUX;105.52;105.73;106.32;104.83;104.00;104.58;110.04;108.97;108.26;108.26;108.74;107.30;106.06;106.40;105.04;104.40;105.00;107.14;106.95;105.07;106.29;105.81;104.36;106.52;105.38;104.49;102.69;100.56;99.19;99.00;99.41;98.57;97.59;98.45;96.72;98.19;98.43;99.28;101.21;102.32;104.82;101.13;103.43;102.74;101.29;103.82;103.39;102.02;102.33;99.05;98.96;98.99;99.64;98.49;98.50;96.99;97.75;95.21;96.52;98.91;97.13;96.76;93.89;91.61;90.92;91.67;91.98;84.07;87.27;88.06;86.60;85.17;86.13;85.61;84.10;86.90;87.00;87.33;88.39;90.11;87.90;90.01;85.09;87.00;86.71;87.01;88.54;90.19;87.73;87.09;84.75;86.57;86.81;84.68;85.97;84.31;;;
67;Intel Corporation;INTC;27.63;28.68;28.95;28.65;29.55;29.62;29.25;27.89;27.78;27.72;27.07;30.06;29.52;29.94;29.33;28.42;28.61;29.80;30.18;29.97;29.98;29.68;29.24;28.84;27.93;27.44;27.41;27.05;25.90;25.77;25.84;25.85;25.92;26.45;26.59;26.54;26.90;27.00;27.94;28.51;29.79;28.13;28.39;28.32;28.28;29.19;29.42;29.17;30.24;28.77;28.85;29.10;29.68;29.73;29.14;29.66;30.26;29.07;30.11;31.10;30.34;28.93;28.88;28.22;28.76;28.36;27.57;27.45;28.27;28.80;29.08;28.18;27.45;27.19;27.18;26.75;25.85;26.15;25.74;26.74;26.31;26.46;24.73;25.05;25.01;25.94;26.17;27.44;27.37;27.43;26.33;26.30;26.78;26.86;27.40;27.56;;;
68;Intuit Inc.;INTU;415.00;430.64;426.65;412.74;417.65;440.76;443.96;420.35;416.45;416.14;408.32;409.95;394.30;410.00;400.73;383.27;383.14;392.10;392.00;390.00;398.27;388.28;387.58;391.10;380.24;386.35;397.58;396.70;386.01;380.38;385.36;383.44;383.32;385.35;389.43;381.87;388.74;392.73;410.94;426.53;432.11;400.73;404.19;391.60;388.06;395.45;401.16;401.87;407.89;375.49;381.63;394.38;394.85;390.42;379.99;376.57;388.47;384.60;407.02;414.50;400.05;402.26;397.35;376.97;372.45;363.56;371.66;375.84;402.52;433.48;427.56;422.00;430.23;425.61;420.83;420.00;404.02;403.22;408.82;415.85;393.23;402.36;373.12;386.48;384.32;393.00;402.16;412.37;405.30;406.44;389.32;395.27;401.14;404.06;399.70;394.36;;;
69;Boeing Company;BA;212.01;214.46;213.07;208.04;205.19;207.71;215.15;212.11;210.15;209.19;211.32;213.48;205.80;205.00;208.36;207.47;206.77;212.90;212.71;212.00;209.58;209.87;203.90;212.36;205.30;201.72;195.18;192.95;187.50;189.00;189.32;189.58;188.25;193.82;190.04;186.18;184.92;182.79;186.25;187.33;191.11;180.80;180.75;179.32;176.28;184.01;182.00;173.12;178.88;178.00;172.88;176.17;174.35;172.09;173.65;172.53;173.98;169.30;174.11;175.49;176.50;176.40;172.14;169.29;166.00;161.40;156.66;148.79;142.12;143.99;141.88;141.16;137.10;147.05;142.09;142.85;138.48;138.36;137.17;139.00;136.98;135.59;126.50;128.43;132.96;131.42;130.36;131.13;130.28;129.40;122.00;123.14;131.20;128.04;129.32;129.77;135.65;143.13;
70;Elevance Health Inc.;ELV;488.38;484.80;476.43;475.60;480.50;481.19;491.83;499.01;492.00;491.81;503.18;499.87;483.00;479.90;480.89;480.60;475.36;481.98;484.25;473.17;478.11;470.67;472.23;476.96;474.73;484.99;502.33;508.68;512.95;515.58;516.92;516.80;510.00;511.96;507.97;505.14;501.72;504.46;516.14;521.16;539.98;526.79;529.11;531.86;528.60;523.45;517.25;522.28;535.47;516.83;513.86;510.97;509.67;506.22;504.30;494.79;483.49;474.56;481.60;493.58;494.82;518.93;530.56;527.38;532.32;517.57;532.66;536.57;542.34;545.00;539.53;536.17;534.06;528.63;524.31;515.24;503.23;490.99;487.39;485.56;474.89;478.00;457.46;471.13;466.25;468.80;474.00;478.26;478.59;472.34;455.10;456.76;453.83;449.73;453.16;447.37;458.01;462.31;479.1
71;Medtronic Plc;MDT;83.48;86.06;86.50;85.50;86.83;86.70;85.80;84.00;82.75;82.76;82.18;81.74;80.35;81.73;81.02;80.05;78.38;80.27;80.58;79.17;80.58;79.46;77.87;80.75;80.49;80.88;79.14;77.97;77.56;76.57;78.05;77.51;76.95;76.68;77.34;76.50;76.71;77.14;77.68;79.74;80.76;79.10;77.77;76.50;77.33;78.39;79.04;78.60;79.31;76.87;76.40;78.50;79.32;77.51;78.00;81.51;79.72;81.30;82.17;83.28;83.65;82.47;82.11;80.34;81.75;85.53;84.82;84.82;87.48;87.46;86.65;85.55;85.55;84.89;83.52;84.13;82.25;83.71;83.80;84.88;82.80;84.11;80.00;81.65;82.03;82.89;83.91;84.75;83.69;83.65;81.50;82.60;82.36;81.41;82.06;82.22;;;
72;Deere & Company;DE;408.66;411.08;406.06;408.20;405.50;406.50;426.62;422.04;421.81;418.73;421.20;417.74;413.17;408.50;411.45;410.34;422.22;439.09;440.08;433.89;435.00;439.74;426.89;427.91;416.20;422.57;423.93;428.00;426.88;429.73;437.00;438.05;435.89;440.34;437.85;432.07;432.04;424.76;435.00;439.66;438.84;436.12;443.38;443.31;436.23;439.13;441.07;442.23;440.33;441.21;443.79;437.38;435.77;429.52;414.00;413.25;415.10;402.65;407.25;411.76;404.58;406.61;406.31;400.35;399.81;398.58;400.62;381.18;388.71;398.00;395.92;393.80;398.00;394.77;384.00;381.67;364.56;371.83;370.00;371.86;361.39;368.38;354.11;362.92;356.82;358.26;352.05;354.24;355.29;350.07;339.61;338.76;341.00;338.20;335.90;331.05;;;
73;CVS Health Corporation;CVS;90.34;89.33;87.89;85.15;85.89;86.70;86.54;88.01;87.50;87.89;87.75;86.46;85.39;86.75;87.00;87.48;87.71;89.59;90.10;88.70;89.79;91.56;90.85;92.14;91.33;91.71;93.28;91.72;93.25;93.21;93.40;93.11;93.31;93.52;95.59;94.87;95.38;96.53;99.39;101.38;104.60;101.66;102.17;102.50;101.36;101.84;101.88;101.17;102.19;100.46;100.19;100.71;100.61;99.77;99.05;97.25;95.60;95.73;97.87;97.80;97.88;99.75;101.88;101.65;101.40;99.40;98.59;96.25;96.51;94.61;93.74;92.92;93.00;93.16;91.13;93.91;90.84;91.46;91.90;92.25;89.99;90.85;86.48;88.74;87.74;87.71;93.18;99.99;100.04;98.19;95.98;97.01;98.01;98.05;98.10;97.59;;;
74;BlackRock Inc.;BLK;712.23;739.12;735.37;735.30;746.98;750.00;763.90;753.72;750.00;750.41;751.74;750.00;743.10;748.00;741.87;734.77;737.81;750.99;750.18;746.63;763.16;758.00;749.63;742.21;713.42;713.03;719.65;720.00;708.29;706.64;704.00;704.57;708.77;702.64;702.46;691.00;699.44;690.02;699.59;718.95;738.66;705.67;700.42;710.00;707.24;707.19;709.00;706.27;718.85;714.00;722.46;728.00;734.46;731.48;727.19;716.58;730.23;715.31;733.00;757.06;760.00;748.00;700.72;677.37;678.01;660.25;646.07;626.44;650.49;656.74;658.01;648.80;643.63;635.00;610.00;605.81;573.77;580.37;581.73;590.00;566.00;567.25;505.06;531.15;535.18;557.55;564.83;580.20;581.09;583.56;555.00;561.61;577.47;582.17;593.32;590.00;593.23;605.20;629.34
75;Lockheed Martin Corporation;LMT;472.38;472.43;464.97;472.55;463.58;459.27;458.37;462.51;462.28;462.00;460.86;455.35;448.00;442.17;443.11;441.34;442.76;447.16;450.30;446.50;462.99;463.37;462.18;467.79;480.00;475.69;473.25;483.39;488.00;484.00;486.15;485.00;479.50;486.50;487.88;482.88;481.78;475.63;481.00;481.19;490.00;484.95;485.64;485.26;484.30;491.32;490.87;481.81;486.52;480.00;483.10;480.11;484.30;479.78;482.97;478.49;473.63;465.00;465.24;465.84;467.35;480.74;488.26;489.75;488.88;482.48;485.16;479.77;484.54;486.03;480.45;474.00;464.58;462.17;454.05;459.08;443.72;439.62;433.97;403.15;393.00;404.33;393.00;406.93;405.66;407.59;398.56;401.62;406.11;403.11;389.74;381.63;398.98;397.20;409.20;411.69;419.78;419.83;427.99
76;Gilead Sciences Inc.;GILD;85.56;85.83;85.40;86.60;84.50;84.66;82.37;84.01;83.52;83.52;83.33;83.76;84.15;83.43;82.76;83.54;84.17;85.02;86.05;85.54;86.50;87.12;85.20;87.77;86.61;85.01;86.20;85.08;85.33;84.91;85.40;85.25;85.22;85.25;85.25;83.64;86.00;86.34;88.05;88.00;89.63;87.85;89.27;87.87;88.03;87.99;87.84;86.70;88.20;85.76;85.50;86.92;85.04;85.06;84.65;83.76;83.63;82.55;82.68;83.14;81.65;81.41;83.50;82.50;80.60;79.56;79.14;77.33;78.18;78.26;78.06;74.36;70.85;70.00;68.84;68.11;66.18;66.16;66.85;66.54;66.84;66.63;64.46;65.85;64.50;64.57;64.64;64.89;64.72;64.09;62.40;63.16;63.83;63.00;62.43;62.51;63.49;63.35;64.58
77;American Express Company;AXP;178.57;179.15;179.75;175.05;176.74;171.56;174.16;173.38;172.91;174.79;166.80;157.65;153.49;154.00;152.00;147.96;146.61;154.49;155.54;153.24;154.76;152.30;150.51;151.35;147.74;147.16;148.56;149.54;146.01;145.08;146.21;147.29;145.23;146.05;147.06;144.99;146.04;148.59;151.65;157.57;160.62;154.26;153.99;155.89;154.56;155.75;155.96;155.22;157.72;153.84;150.96;152.69;153.52;153.83;154.10;152.25;152.25;150.00;154.21;156.96;153.37;156.49;152.79;149.47;147.44;146.20;142.40;141.09;146.58;149.96;150.00;146.56;148.44;147.56;142.48;141.30;140.99;144.00;145.43;146.13;140.58;142.96;131.35;137.31;136.37;140.01;140.42;143.05;142.92;143.03;137.95;137.40;138.39;138.50;139.44;140.04;;;
78;American Tower Corporation;AMT;213.15;219.43;218.88;218.93;218.88;224.41;230.21;221.89;218.05;219.99;220.71;219.84;213.91;214.93;218.89;221.36;224.07;231.26;234.23;229.25;229.30;223.71;221.09;220.85;213.40;217.07;217.41;214.00;214.33;211.85;211.35;211.00;209.41;209.36;209.79;207.96;213.15;215.09;217.32;222.72;222.96;214.88;211.97;210.39;211.93;216.27;215.95;218.27;224.42;215.88;214.81;218.71;219.64;218.20;220.73;215.59;217.63;217.72;220.09;215.40;221.78;222.81;213.11;204.01;202.02;204.64;202.91;203.21;206.73;209.41;201.65;197.30;198.87;195.32;185.96;189.92;188.97;191.15;195.01;194.52;189.76;191.61;179.87;188.58;189.44;196.00;199.12;213.62;217.14;218.95;216.89;215.86;218.34;223.59;223.88;229.14;;;
79;Applied Materials Inc.;AMAT;114.80;118.36;119.15;117.39;118.21;122.92;120.31;112.11;108.96;110.69;112.62;114.40;110.99;113.47;108.53;106.80;109.49;110.76;109.41;107.53;110.58;106.68;106.14;105.55;100.00;97.84;98.22;99.77;95.60;96.05;94.67;96.18;96.69;102.11;104.63;102.07;104.83;104.15;107.75;111.36;115.39;106.82;107.78;107.04;104.71;106.82;106.37;104.32;110.15;103.97;104.06;104.00;106.92;106.32;105.92;103.53;109.99;100.42;105.38;111.17;108.86;105.31;100.16;95.28;96.98;92.26;90.05;85.96;90.35;90.50;88.86;86.62;88.78;86.47;85.94;82.83;78.83;78.36;75.00;76.69;77.21;79.56;72.18;76.55;77.74;82.00;85.17;88.98;87.65;89.12;83.04;81.94;84.75;83.00;84.43;84.29;84.19;86.64;88.37
80;Citigroup Inc.;C;49.82;51.35;50.77;50.75;50.40;51.02;52.58;51.54;51.86;51.44;51.96;52.08;50.85;51.42;51.05;49.68;48.65;50.24;49.86;48.51;49.06;48.21;47.56;47.89;47.06;46.70;46.54;45.75;44.93;44.84;44.43;44.28;44.00;44.44;44.21;44.15;44.36;44.20;45.09;46.51;46.84;44.65;44.60;44.85;44.64;45.65;46.94;47.28;48.28;47.08;47.23;47.91;48.20;49.34;49.14;48.66;48.73;47.68;48.88;49.83;49.94;48.50;46.71;45.73;45.80;45.48;44.61;45.16;46.13;46.30;45.71;45.56;45.87;45.50;44.05;44.32;42.94;43.39;43.83;44.66;44.31;43.09;40.20;40.39;41.27;42.49;42.70;43.42;43.76;43.57;41.55;42.39;42.90;42.59;43.23;43.69;;;
81;Booking Holdings Inc.;BKNG;2,383.71;2,461.82;2,462.80;2,464.82;2,429.81;2,422.69;2,455.85;2,422.34;2,419.84;2,433.95;2,421.78;2,400.00;2,298.25;2,402.62;2,340.00;2,327.12;2,270.00;2,360.00;2,297.91;2,223.35;2,225.53;2,223.35;2,200.56;2,195.00;2,165.12;2,085.49;2,068.83;2,038.83;1,979.29;1,984.80;2,007.49;1,977.88;1,926.42;1,947.70;1,975.58;1,924.72;1,952.06;1,949.38;1,966.84;2,057.04;2,152.37;2,020.04;2,001.65;1,962.39;1,976.30;2,058.04;2,056.07;2,031.64;2,083.70;2,032.00;1,985.21;1,986.02;1,968.48;1,954.88;1,930.00;1,922.94;1,959.77;1,960.92;2,008.95;2,029.62;1,996.51;1,936.31;1,946.86;1,840.00;1,835.79;1,876.01;1,884.83;1,849.00;1,862.79;1,891.25;1,870.91;1,839.01;1,869.37;1,874.61;1,802.28;1,813.02;1,772.03;1,769.61;1,750.87;1,800.11;1,703.26;1,715.27;1,626.23;1,643.98;1,671.33;1,699.25;1,680.77;1,723.67;1,726.81;1,728.99;1,672.44;1,658.97;1,690.55;1,661.88;1,696.50;1,677.68;1,696.15;1,806.00;
82;PayPal Holdings Inc.;PYPL;79.37;81.73;82.35;82.06;83.33;85.39;86.72;81.34;79.70;80.87;80.56;80.08;78.56;79.38;77.83;77.01;76.26;79.80;80.14;78.53;79.01;78.67;76.90;77.00;76.77;77.30;76.11;73.69;69.48;68.39;68.12;68.96;68.05;68.54;68.81;68.39;69.06;69.40;71.29;73.70;77.04;73.14;73.95;75.09;71.68;73.38;74.01;76.82;79.11;77.70;79.23;79.93;80.60;79.52;80.14;84.26;86.86;84.61;89.62;92.49;90.16;86.52;84.11;80.02;78.15;76.53;75.00;78.15;83.11;85.00;85.51;86.09;88.55;88.10;86.17;84.55;83.62;84.68;84.36;87.42;82.71;84.26;79.35;83.54;84.09;87.38;92.18;93.22;91.02;89.55;87.53;87.95;89.67;85.83;85.35;87.07;86.92;90.86;
83;TJX Companies Inc;TJX;80.06;80.70;79.42;79.28;80.51;80.21;82.32;81.99;81.51;81.90;82.70;82.80;80.85;79.39;79.66;79.15;79.73;81.67;81.56;81.83;82.17;82.92;81.50;82.47;81.13;80.08;79.86;79.73;78.92;79.13;78.96;79.65;78.36;78.15;78.57;78.24;78.00;78.18;78.48;79.38;80.69;78.57;77.63;80.00;79.19;80.34;78.81;79.30;80.39;80.00;80.34;79.99;81.00;80.00;79.50;77.39;78.97;76.95;74.38;74.45;73.46;74.47;72.96;71.59;72.60;71.49;71.76;70.20;71.66;72.56;72.17;71.85;71.11;70.76;69.91;67.93;65.31;66.29;66.68;67.41;65.21;65.84;62.50;64.42;63.91;65.00;64.51;66.05;64.81;64.29;63.03;60.80;61.86;61.06;60.94;61.39;;;
84;Automatic Data Processing Inc.;ADP;223.03;225.94;224.85;223.05;223.63;226.33;226.86;225.71;223.73;220.05;224.50;226.81;234.25;241.02;236.48;232.50;232.80;237.69;243.79;243.80;244.36;241.96;239.01;241.12;235.98;237.50;240.17;240.79;239.70;238.18;241.35;241.37;237.92;244.48;245.92;244.88;245.31;246.25;256.96;262.49;273.89;258.66;260.17;258.37;259.23;264.28;266.55;263.11;267.06;257.08;257.15;263.49;263.60;261.96;259.83;257.90;256.40;250.94;254.65;250.69;248.99;254.21;251.18;243.65;240.94;238.52;238.82;234.53;243.64;242.34;240.59;236.05;235.33;246.03;235.32;235.30;228.94;233.60;231.24;236.75;230.33;232.60;219.58;227.26;228.18;227.86;231.95;239.38;235.43;234.97;228.35;227.77;230.81;229.23;230.41;229.97;230.24;229.85;235.61
85;Analog Devices Inc.;ADI;177.14;180.75;178.65;178.39;176.99;176.93;177.86;171.33;168.93;169.10;169.07;169.94;166.62;167.91;166.54;163.82;165.56;168.53;167.91;167.50;170.02;167.72;166.50;167.39;161.76;164.47;165.38;165.57;162.36;162.58;161.50;163.57;162.70;164.83;165.38;163.72;167.44;165.28;169.22;175.87;178.01;169.17;168.47;167.07;166.29;167.75;167.86;167.20;173.21;164.56;164.76;164.89;169.04;169.35;165.18;161.16;163.56;158.45;161.89;167.46;163.12;159.40;155.91;149.14;151.14;145.81;142.32;139.40;145.44;145.11;143.81;141.50;142.49;142.77;145.06;144.98;141.93;142.44;140.76;144.64;140.05;144.62;134.70;139.03;139.66;145.14;147.67;151.33;149.10;148.25;141.28;140.86;142.90;140.85;142.69;142.67;143.81;147.99;149.96
86;ServiceNow Inc.;NOW;458.61;470.25;464.59;454.83;455.51;478.13;484.80;456.19;444.52;451.99;457.48;461.86;428.74;446.00;441.00;429.20;416.02;420.79;415.00;408.67;409.83;384.82;374.37;373.88;371.59;388.45;390.95;395.08;383.80;380.95;380.43;380.15;375.00;383.97;387.13;376.50;394.30;399.83;408.25;416.51;424.43;395.56;394.07;392.09;389.27;392.24;406.00;417.23;416.16;394.11;400.87;403.94;406.68;399.84;389.49;394.20;407.91;402.85;415.40;414.21;401.51;406.99;393.26;365.00;365.00;365.00;388.51;390.62;419.33;427.08;418.00;416.23;426.96;353.80;368.58;368.00;353.31;356.13;350.71;362.34;351.43;366.02;347.75;372.49;381.65;401.39;410.00;422.12;402.75;402.13;380.08;385.00;382.88;378.44;376.76;376.48;382.93;399.87;
87;Stryker Corporation;SYK;263.57;269.60;271.07;268.76;281.16;280.35;276.44;269.62;249.09;251.86;251.43;254.19;251.70;257.55;256.50;254.67;250.45;256.21;259.58;256.11;258.19;263.00;261.00;258.62;251.81;250.82;248.99;247.27;243.94;242.81;244.39;243.24;240.79;240.05;240.00;238.89;239.27;242.17;249.80;253.42;257.72;244.00;246.19;242.65;237.13;237.03;240.51;237.81;235.66;228.13;226.91;230.65;231.60;227.46;224.83;223.02;221.56;218.31;222.32;221.19;223.21;220.65;215.00;209.95;212.98;213.18;206.50;209.18;219.68;214.55;227.83;228.35;229.20;225.80;219.58;220.76;213.70;216.60;214.44;222.62;212.34;216.37;204.78;212.16;207.87;210.84;209.30;215.74;213.40;212.00;205.38;206.46;204.58;204.52;205.99;206.17;;;
88;Mondelez International Inc. Class A;MDLZ;64.29;65.18;64.75;65.68;65.91;66.82;66.25;65.66;64.98;64.79;64.45;64.85;64.94;64.40;64.13;63.76;64.41;66.73;67.18;66.59;67.41;67.57;67.02;67.67;67.15;66.99;66.36;66.50;66.89;66.54;67.82;67.39;66.79;66.69;66.25;65.78;66.06;65.92;66.94;67.74;68.25;67.34;67.56;67.34;67.62;67.68;67.55;67.41;67.76;65.79;65.81;66.68;66.67;66.31;66.25;65.30;64.66;64.31;64.99;64.79;65.00;65.05;64.76;63.85;64.20;63.40;62.31;62.09;64.95;61.56;61.23;60.66;60.00;59.84;58.83;58.17;56.58;57.75;58.20;58.12;57.61;58.21;56.10;56.94;55.53;55.54;55.85;57.01;57.20;56.84;55.24;56.49;57.62;57.99;58.69;58.79;;;
89;General Electric Company;GE;80.81;82.34;81.69;81.98;81.47;83.51;82.19;80.27;80.45;82.41;81.00;81.48;79.78;78.00;77.61;77.59;77.94;80.94;79.92;78.78;77.88;75.82;72.20;72.00;72.01;69.90;68.41;65.61;64.72;64.21;64.79;64.01;63.79;64.15;63.26;60.92;60.30;60.73;62.51;64.31;66.02;63.79;65.28;66.82;66.35;67.61;67.01;66.02;67.30;66.85;66.94;68.07;68.46;67.94;67.37;66.44;67.52;65.38;67.78;67.56;67.12;66.96;66.53;64.96;65.42;63.32;62.44;60.01;60.96;61.33;60.72;59.87;59.56;57.21;58.55;56.99;54.64;55.24;54.86;54.79;53.83;53.32;49.72;49.72;50.34;50.78;51.22;52.09;52.06;50.65;48.99;48.90;49.78;50.73;50.62;;;;
90;Chubb Limited;CB;213.73;216.24;213.78;212.27;210.04;211.02;211.88;217.61;226.78;227.33;230.86;229.77;227.49;223.99;220.74;219.86;220.78;224.24;227.77;224.48;224.53;224.82;223.91;226.60;225.03;224.25;221.91;220.00;221.18;220.77;221.28;219.80;217.70;216.73;216.12;213.21;211.75;211.34;213.92;217.37;220.00;217.20;219.24;218.33;216.80;215.68;217.55;217.19;222.00;215.53;215.60;215.08;215.00;213.00;211.40;210.52;211.49;206.09;206.76;206.95;206.83;213.92;215.04;212.00;211.02;210.35;211.00;209.07;212.39;215.45;212.59;209.25;206.24;213.70;200.47;199.38;192.79;194.02;194.00;197.08;190.00;194.59;182.55;185.62;184.92;186.24;187.93;190.10;191.12;188.13;183.42;184.25;179.41;178.84;175.63;179.21;180.24;182.65;188.46
91;Intuitive Surgical Inc.;ISRG;242.91;250.52;249.15;247.81;251.76;257.81;253.85;246.80;243.20;245.00;248.58;246.48;241.09;254.60;256.77;252.44;254.84;261.57;258.48;255.40;258.74;261.39;263.33;272.59;271.17;267.69;269.36;269.59;265.31;263.24;262.94;262.76;261.92;263.48;263.69;261.10;264.99;264.71;275.08;280.75;284.92;272.22;270.49;270.71;266.19;269.00;269.14;268.15;270.39;260.48;262.04;264.54;263.69;264.49;258.99;260.96;264.44;258.46;264.84;262.96;262.19;255.74;248.66;238.76;242.18;241.72;237.92;233.01;245.43;248.07;243.00;240.94;242.44;237.75;231.03;218.84;210.50;211.41;217.94;195.94;186.26;193.29;181.11;186.56;186.22;187.94;194.65;200.09;198.27;197.87;189.40;190.12;189.60;188.35;190.56;189.95;190.20;193.45;
92;Cigna Corporation;CI;293.61;290.20;287.95;286.98;293.82;304.38;310.00;315.00;313.25;309.79;313.20;314.15;309.00;308.54;308.37;310.69;309.50;314.43;314.78;309.47;308.58;303.45;303.42;302.75;305.36;308.93;321.07;327.36;330.70;333.74;335.01;335.40;333.28;333.23;332.20;330.62;327.80;327.95;332.49;332.49;340.00;332.29;333.22;333.41;329.50;327.80;323.82;322.64;328.60;320.70;318.58;323.04;322.07;319.10;317.63;319.54;315.12;305.45;306.15;308.32;306.43;324.39;329.05;328.71;323.09;324.00;327.00;321.23;324.13;323.20;322.35;318.35;315.91;313.02;308.00;303.50;293.22;292.80;294.25;295.00;295.00;300.00;285.60;291.99;284.50;288.00;289.36;292.39;292.04;289.15;280.75;279.82;281.69;279.55;279.07;277.00;280.67;284.76;291.07
93;Marsh & McLennan Companies Inc.;MMC;171.23;174.48;173.00;170.42;171.15;173.90;176.10;173.34;172.51;172.07;175.36;172.45;171.99;173.80;173.26;169.93;168.22;171.94;173.33;172.90;175.00;171.21;170.14;170.87;168.08;168.59;167.46;166.31;165.60;165.52;166.98;165.64;165.11;166.81;165.99;164.75;164.71;166.33;170.21;173.39;176.75;171.71;172.14;170.00;172.15;171.80;172.59;171.18;174.09;167.94;167.97;170.57;171.48;170.75;170.67;168.13;167.55;164.61;163.62;166.94;166.49;169.64;164.14;161.69;162.40;160.47;160.31;157.88;161.68;162.59;162.85;155.78;155.55;153.83;155.95;156.15;153.03;159.00;156.24;159.60;154.33;157.62;149.02;153.47;153.79;153.26;156.60;158.26;158.06;156.24;150.78;150.42;150.58;150.51;150.69;151.02;;;
94;T-Mobile US Inc.;TMUS;143.36;144.99;142.06;140.86;141.47;146.19;150.02;149.15;147.58;145.91;148.06;147.89;145.73;143.83;145.65;142.41;145.18;146.13;149.18;149.91;147.77;149.50;148.97;148.02;145.79;140.63;140.50;139.00;138.98;139.72;140.99;140.51;139.51;140.57;141.67;141.99;142.81;138.64;141.97;140.78;144.73;143.04;143.33;148.49;150.01;150.61;151.80;149.62;152.26;148.20;149.06;151.01;151.17;151.05;150.09;149.44;148.81;143.26;145.31;147.59;146.25;149.96;151.89;149.28;150.00;149.75;148.50;148.81;152.57;152.99;150.00;148.00;140.20;142.00;140.00;137.32;135.03;135.94;136.03;136.09;133.23;135.11;130.81;136.56;137.97;137.59;138.92;140.40;140.30;139.79;136.26;134.95;135.35;134.46;132.32;131.56;133.71;135.98;
95;Altria Group Inc;MO;46.50;46.61;46.33;46.69;47.01;47.00;47.36;46.05;44.65;44.20;44.37;44.77;44.75;42.72;45.03;44.65;44.16;45.15;45.77;45.31;45.90;46.18;46.40;46.45;45.96;45.34;45.42;45.73;45.86;45.90;46.64;46.35;45.78;45.57;45.61;46.55;46.65;46.83;46.99;47.04;47.19;46.84;46.78;46.37;46.45;47.18;47.06;46.77;46.72;45.85;45.26;44.74;45.00;45.21;45.00;44.43;44.02;43.42;43.76;44.35;44.57;44.04;45.03;45.82;45.94;45.64;45.26;44.47;45.84;46.42;46.15;45.90;45.14;45.97;45.33;44.85;43.50;44.88;44.88;45.19;45.55;46.00;44.67;44.32;44.22;43.02;42.93;42.81;42.28;41.68;40.85;41.39;41.26;41.05;41.85;41.59;42.75;43.28;43.16
96;Regeneron Pharmaceuticals Inc.;REGN;746.12;751.29;766.34;765.68;784.78;764.49;749.20;752.19;739.27;749.00;745.61;741.18;729.49;731.01;721.53;723.16;729.39;725.17;722.13;714.67;707.00;698.90;676.37;693.13;730.74;724.69;728.19;721.86;721.16;717.00;710.51;726.44;733.96;736.08;734.98;725.24;720.99;721.80;748.17;741.28;749.10;730.17;753.18;758.08;745.47;751.28;762.00;752.52;756.19;737.89;739.90;740.00;732.69;749.80;743.85;734.96;737.32;733.74;735.07;749.92;737.88;736.00;758.73;751.00;748.40;735.99;725.18;726.07;755.94;750.00;745.20;733.61;742.66;739.37;736.55;717.95;705.89;709.46;719.28;740.66;734.00;752.56;712.37;738.51;728.51;720.14;731.66;743.88;738.20;738.17;705.39;694.40;704.83;700.89;686.36;696.22;685.80;681.36;
97;Progressive Corporation;PGR;137.42;138.85;137.96;136.66;136.82;135.41;137.58;135.47;135.73;135.40;134.94;135.87;128.50;127.55;127.57;126.54;127.99;129.91;134.00;132.80;132.01;133.00;131.78;134.99;133.13;131.14;130.36;129.37;130.04;130.20;130.79;129.85;128.68;129.14;127.80;127.58;126.55;127.07;125.31;127.16;131.18;129.50;131.12;130.49;131.12;131.26;131.74;130.74;133.96;130.68;128.74;131.29;131.50;130.00;130.44;128.51;129.59;125.45;122.82;123.72;126.71;129.92;130.61;129.10;127.27;126.62;128.90;127.18;128.70;128.87;129.03;125.36;123.87;122.93;121.84;123.67;119.59;118.88;120.25;121.58;116.74;123.74;113.53;123.67;123.32;122.15;121.94;121.43;122.98;121.13;117.41;118.26;118.85;119.60;119.70;120.69;;;
98;Target Corporation;TGT;170.32;172.70;173.52;173.55;174.69;177.27;177.71;172.11;168.12;167.00;168.00;165.70;162.50;169.82;162.21;159.63;159.50;163.41;164.49;159.32;160.00;157.15;157.42;159.88;157.65;152.21;148.26;149.98;147.23;146.97;145.31;143.00;140.86;141.50;142.26;142.90;146.60;146.05;149.86;150.50;153.20;150.50;153.41;154.04;153.50;155.82;162.89;163.31;166.47;165.88;164.43;162.81;163.50;158.48;158.79;161.08;161.98;153.48;149.85;177.00;172.64;165.12;158.94;161.08;161.32;161.24;162.41;157.98;164.58;166.44;166.00;166.26;168.22;167.84;162.80;160.30;154.54;155.98;157.19;155.53;147.74;154.48;151.21;154.74;153.50;152.98;154.34;157.46;155.00;154.70;149.67;151.59;154.20;149.54;150.47;151.56;151.95;158.24;161.0
99;Duke Energy Corporation;DUK;97.36;99.28;100.20;101.08;100.15;101.50;102.61;101.75;102.00;101.23;101.21;100.90;100.29;101.33;101.53;101.87;102.25;104.41;105.18;104.50;105.79;105.43;104.88;105.03;104.20;103.85;104.27;103.20;103.88;103.30;104.00;103.09;101.82;101.70;100.70;100.08;100.13;102.08;103.06;103.24;103.35;101.43;100.08;99.61;100.35;99.23;98.74;99.39;100.84;97.58;98.03;99.20;99.00;97.47;97.49;96.55;96.46;96.31;97.37;96.60;95.65;97.21;95.86;93.63;92.53;93.50;94.65;91.99;93.47;93.57;93.71;91.26;91.64;90.75;88.71;89.06;87.41;89.00;89.62;90.28;88.00;88.89;85.00;89.00;88.80;89.11;90.74;93.66;95.90;96.00;94.46;95.75;99.36;99.45;101.09;103.50;103.95;104.10;106.04
100;Vertex Pharmaceuticals Incorporated;VRTX;;;;;;;;;;;;;;;;;;;;;;;;;;;;;;;;;;;;;;;;;;;;;;;;;;;;;;;;;;;;;;;;;;;;;;;;;;;;;;;;;;;;;;;;;;;;;;;;;;;
101;Zoetis Inc. Class A;ZTS;;;;;;;;;;;;;;;;;;;;;;;;;;;;;;;;;;;;;;;;;;;;;;;;;;;;;;;;;;;;;;;;;;;;;;;;;;;;;;;;;;;;;;;;;;;;;;;;;;;
102;Schlumberger NV;SLB;;;;;;;;;;;;;;;;;;;;;;;;;;;;;;;;;;;;;;;;;;;;;;;;;;;;;;;;;;;;;;;;;;;;;;;;;;;;;;;;;;;;;;;;;;;;;;;;;;;
103;Southern Company;SO;;;;;;;;;;;;;;;;;;;;;;;;;;;;;;;;;;;;;;;;;;;;;;;;;;;;;;;;;;;;;;;;;;;;;;;;;;;;;;;;;;;;;;;;;;;;;;;;;;;
104;EOG Resources Inc.;EOG;;;;;;;;;;;;;;;;;;;;;;;;;;;;;;;;;;;;;;;;;;;;;;;;;;;;;;;;;;;;;;;;;;;;;;;;;;;;;;;;;;;;;;;;;;;;;;;;;;;
105;Lam Research Corporation;LRCX;;;;;;;;;;;;;;;;;;;;;;;;;;;;;;;;;;;;;;;;;;;;;;;;;;;;;;;;;;;;;;;;;;;;;;;;;;;;;;;;;;;;;;;;;;;;;;;;;;;
106;Becton Dickinson and Company;BDX;;;;;;;;;;;;;;;;;;;;;;;;;;;;;;;;;;;;;;;;;;;;;;;;;;;;;;;;;;;;;;;;;;;;;;;;;;;;;;;;;;;;;;;;;;;;;;;;;;;
107;Boston Scientific Corporation;BSX;;;;;;;;;;;;;;;;;;;;;;;;;;;;;;;;;;;;;;;;;;;;;;;;;;;;;;;;;;;;;;;;;;;;;;;;;;;;;;;;;;;;;;;;;;;;;;;;;;;
108;Illinois Tool Works Inc.;ITW;;;;;;;;;;;;;;;;;;;;;;;;;;;;;;;;;;;;;;;;;;;;;;;;;;;;;;;;;;;;;;;;;;;;;;;;;;;;;;;;;;;;;;;;;;;;;;;;;;;
109;Fiserv Inc.;FISV;;;;;;;;;;;;;;;;;;;;;;;;;;;;;;;;;;;;;;;;;;;;;;;;;;;;;;;;;;;;;;;;;;;;;;;;;;;;;;;;;;;;;;;;;;;;;;;;;;;
110;CSX Corporation;CSX;;;;;;;;;;;;;;;;;;;;;;;;;;;;;;;;;;;;;;;;;;;;;;;;;;;;;;;;;;;;;;;;;;;;;;;;;;;;;;;;;;;;;;;;;;;;;;;;;;;
111;Equinix Inc.;EQIX;;;;;;;;;;;;;;;;;;;;;;;;;;;;;;;;;;;;;;;;;;;;;;;;;;;;;;;;;;;;;;;;;;;;;;;;;;;;;;;;;;;;;;;;;;;;;;;;;;;
112;U.S. Bancorp;USB;;;;;;;;;;;;;;;;;;;;;;;;;;;;;;;;;;;;;;;;;;;;;;;;;;;;;;;;;;;;;;;;;;;;;;;;;;;;;;;;;;;;;;;;;;;;;;;;;;;
113;Truist Financial Corporation;TFC;;;;;;;;;;;;;;;;;;;;;;;;;;;;;;;;;;;;;;;;;;;;;;;;;;;;;;;;;;;;;;;;;;;;;;;;;;;;;;;;;;;;;;;;;;;;;;;;;;;
114;PNC Financial Services Group Inc.;PNC;;;;;;;;;;;;;;;;;;;;;;;;;;;;;;;;;;;;;;;;;;;;;;;;;;;;;;;;;;;;;;;;;;;;;;;;;;;;;;;;;;;;;;;;;;;;;;;;;;;
115;Aon Plc Class A;AON;;;;;;;;;;;;;;;;;;;;;;;;;;;;;;;;;;;;;;;;;;;;;;;;;;;;;;;;;;;;;;;;;;;;;;;;;;;;;;;;;;;;;;;;;;;;;;;;;;;
116;Micron Technology Inc.;MU;;;;;;;;;;;;;;;;;;;;;;;;;;;;;;;;;;;;;;;;;;;;;;;;;;;;;;;;;;;;;;;;;;;;;;;;;;;;;;;;;;;;;;;;;;;;;;;;;;;
117;Northrop Grumman Corp.;NOC;;;;;;;;;;;;;;;;;;;;;;;;;;;;;;;;;;;;;;;;;;;;;;;;;;;;;;;;;;;;;;;;;;;;;;;;;;;;;;;;;;;;;;;;;;;;;;;;;;;
118;Eaton Corp. Plc;ETN;;;;;;;;;;;;;;;;;;;;;;;;;;;;;;;;;;;;;;;;;;;;;;;;;;;;;;;;;;;;;;;;;;;;;;;;;;;;;;;;;;;;;;;;;;;;;;;;;;;
119;3M Company;MMM;;;;;;;;;;;;;;;;;;;;;;;;;;;;;;;;;;;;;;;;;;;;;;;;;;;;;;;;;;;;;;;;;;;;;;;;;;;;;;;;;;;;;;;;;;;;;;;;;;;
120;Crown Castle Inc.;CCI;;;;;;;;;;;;;;;;;;;;;;;;;;;;;;;;;;;;;;;;;;;;;;;;;;;;;;;;;;;;;;;;;;;;;;;;;;;;;;;;;;;;;;;;;;;;;;;;;;;
121;CME Group Inc. Class A;CME;;;;;;;;;;;;;;;;;;;;;;;;;;;;;;;;;;;;;;;;;;;;;;;;;;;;;;;;;;;;;;;;;;;;;;;;;;;;;;;;;;;;;;;;;;;;;;;;;;;
122;Air Products and Chemicals Inc.;APD;;;;;;;;;;;;;;;;;;;;;;;;;;;;;;;;;;;;;;;;;;;;;;;;;;;;;;;;;;;;;;;;;;;;;;;;;;;;;;;;;;;;;;;;;;;;;;;;;;;
123;Humana Inc.;HUM;;;;;;;;;;;;;;;;;;;;;;;;;;;;;;;;;;;;;;;;;;;;;;;;;;;;;;;;;;;;;;;;;;;;;;;;;;;;;;;;;;;;;;;;;;;;;;;;;;;
124;Colgate-Palmolive Company;CL;;;;;;;;;;;;;;;;;;;;;;;;;;;;;;;;;;;;;;;;;;;;;;;;;;;;;;;;;;;;;;;;;;;;;;;;;;;;;;;;;;;;;;;;;;;;;;;;;;;
125;Freeport-McMoRan Inc.;FCX;;;;;;;;;;;;;;;;;;;;;;;;;;;;;;;;;;;;;;;;;;;;;;;;;;;;;;;;;;;;;;;;;;;;;;;;;;;;;;;;;;;;;;;;;;;;;;;;;;;
126;Intercontinental Exchange Inc.;ICE;;;;;;;;;;;;;;;;;;;;;;;;;;;;;;;;;;;;;;;;;;;;;;;;;;;;;;;;;;;;;;;;;;;;;;;;;;;;;;;;;;;;;;;;;;;;;;;;;;;
127;Estee Lauder Companies Inc. Class A;EL;;;;;;;;;;;;;;;;;;;;;;;;;;;;;;;;;;;;;;;;;;;;;;;;;;;;;;;;;;;;;;;;;;;;;;;;;;;;;;;;;;;;;;;;;;;;;;;;;;;
128;General Motors Company;GM;;;;;;;;;;;;;;;;;;;;;;;;;;;;;;;;;;;;;;;;;;;;;;;;;;;;;;;;;;;;;;;;;;;;;;;;;;;;;;;;;;;;;;;;;;;;;;;;;;;
129;KLA Corporation;KLAC;;;;;;;;;;;;;;;;;;;;;;;;;;;;;;;;;;;;;;;;;;;;;;;;;;;;;;;;;;;;;;;;;;;;;;;;;;;;;;;;;;;;;;;;;;;;;;;;;;;
